filename, totalwords, totalkwds, Tax, Legal, Fin, Sys, Idio, rm_totalwords, rm_totalkwds, rm_Tax, rm_Legal, rm_Fin, rm_Sys, rm_Idio, rate_totalwords, rate_totalkwds, rate_Tax, rate_Legal, rate_Fin, rate_Sys, rate_Idio, techindustry_totalwords, techindustry_totalkwds, techindustry_Tax, techindustry_Legal, techindustry_Fin, techindustry_Sys, techindustry_Idio, investment_totalwords, investment_totalkwds, investment_Tax, investment_Legal, investment_Fin, investment_Sys, investment_Idio, expansion_totalwords, expansion_totalkwds, expansion_Tax, expansion_Legal, expansion_Fin, expansion_Sys, expansion_Idio, purchsales_totalwords, purchsales_totalkwds, purchsales_Tax, purchsales_Legal, purchsales_Fin, purchsales_Sys, purchsales_Idio, rd_totalwords, rd_totalkwds, rd_Tax, rd_Legal, rd_Fin, rd_Sys, rd_Idio, image_totalwords, image_totalkwds, image_Tax, image_Legal, image_Fin, image_Sys, image_Idio, shares_totalwords, shares_totalkwds, shares_Tax, shares_Legal, shares_Fin, shares_Sys, shares_Idio, merge_totalwords, merge_totalkwds, merge_Tax, merge_Legal, merge_Fin, merge_Sys, merge_Idio, manage_totalwords, manage_totalkwds, manage_Tax, manage_Legal, manage_Fin, manage_Sys, manage_Idio, rule_totalwords, rule_totalkwds, rule_Tax, rule_Legal, rule_Fin, rule_Sys, rule_Idio, lawsuit_totalwords, lawsuit_totalkwds, lawsuit_Tax, lawsuit_Legal, lawsuit_Fin, lawsuit_Sys, lawsuit_Idio, else_totalwords, else_totalkwds, else_Tax, else_Legal, else_Fin, else_Sys, else_Idio, crisis_totalwords, crisis_totalkwds, crisis_Tax, crisis_Legal, crisis_Fin, crisis_Sys, crisis_Idio, other_totalwords, other_totalkwds, other_Tax, other_Legal, other_Fin, other_Sys, other_Idio, 
1711永光, 1822, 203, 5, 15, 6, 84, 93, 188, 19, 0, 6, 1, 6, 6, 218, 42, 0, 0, 4, 33, 5, 51, 4, 0, 0, 0, 0, 4, 136, 11, 0, 0, 0, 11, 0, 156, 19, 0, 2, 0, 6, 11, 65, 4, 0, 1, 0, 1, 2, 496, 67, 0, 0, 1, 10, 56, 53, 2, 0, 0, 0, 2, 0, 41, 0, 0, 0, 0, 0, 0, 18, 2, 0, 0, 0, 0, 2, 30, 0, 0, 0, 0, 0, 0, 246, 21, 5, 3, 0, 7, 6, 60, 10, 0, 3, 0, 6, 1, 59, 2, 0, 0, 0, 2, 0, 0, 0, 0, 0, 0, 0, 0, 5, 0, 0, 0, 0, 0, 0, 
1315達新, 376, 28, 0, 2, 1, 16, 9, 0, 0, 0, 0, 0, 0, 0, 82, 14, 0, 0, 1, 8, 5, 12, 1, 0, 0, 0, 0, 1, 83, 3, 0, 0, 0, 3, 0, 11, 1, 0, 0, 0, 0, 1, 10, 1, 0, 0, 0, 0, 1, 93, 5, 0, 0, 0, 5, 0, 10, 0, 0, 0, 0, 0, 0, 20, 0, 0, 0, 0, 0, 0, 10, 1, 0, 0, 0, 0, 1, 12, 0, 0, 0, 0, 0, 0, 13, 0, 0, 0, 0, 0, 0, 7, 2, 0, 2, 0, 0, 0, 7, 0, 0, 0, 0, 0, 0, 0, 0, 0, 0, 0, 0, 0, 6, 0, 0, 0, 0, 0, 0, 
1229聯華, 1038, 78, 0, 4, 2, 51, 21, 0, 0, 0, 0, 0, 0, 0, 197, 25, 0, 0, 1, 19, 5, 21, 2, 0, 0, 0, 0, 2, 336, 14, 0, 1, 0, 12, 1, 25, 4, 0, 0, 0, 0, 4, 20, 2, 0, 0, 0, 0, 2, 256, 21, 0, 0, 1, 16, 4, 10, 0, 0, 0, 0, 0, 0, 37, 0, 0, 0, 0, 0, 0, 10, 1, 0, 0, 0, 0, 1, 12, 0, 0, 0, 0, 0, 0, 29, 0, 0, 0, 0, 0, 0, 72, 9, 0, 3, 0, 4, 2, 7, 0, 0, 0, 0, 0, 0, 0, 0, 0, 0, 0, 0, 0, 6, 0, 0, 0, 0, 0, 0, 
1308亞聚, 998, 102, 10, 9, 3, 49, 31, 215, 19, 0, 3, 1, 9, 6, 138, 27, 0, 0, 0, 22, 5, 41, 2, 0, 0, 0, 0, 2, 107, 6, 0, 0, 1, 5, 0, 12, 2, 0, 0, 0, 0, 2, 43, 4, 0, 0, 0, 2, 2, 69, 5, 0, 0, 0, 1, 4, 51, 3, 0, 0, 1, 1, 1, 19, 0, 0, 0, 0, 0, 0, 12, 2, 0, 0, 0, 0, 2, 10, 0, 0, 0, 0, 0, 0, 79, 9, 8, 0, 0, 0, 1, 134, 17, 2, 5, 0, 9, 1, 11, 0, 0, 0, 0, 0, 0, 0, 0, 0, 0, 0, 0, 0, 57, 6, 0, 1, 0, 0, 5, 
6243迅杰, 560, 81, 0, 3, 2, 53, 23, 0, 0, 0, 0, 0, 0, 0, 66, 12, 0, 0, 1, 9, 2, 32, 9, 0, 0, 0, 3, 6, 120, 25, 0, 0, 1, 24, 0, 10, 1, 0, 0, 0, 0, 1, 90, 15, 0, 0, 0, 7, 8, 27, 1, 0, 0, 0, 0, 1, 41, 6, 0, 0, 0, 3, 3, 19, 0, 0, 0, 0, 0, 0, 10, 1, 0, 0, 0, 0, 1, 10, 0, 0, 0, 0, 0, 0, 67, 2, 0, 1, 0, 1, 0, 55, 9, 0, 2, 0, 6, 1, 7, 0, 0, 0, 0, 0, 0, 0, 0, 0, 0, 0, 0, 0, 6, 0, 0, 0, 0, 0, 0, 
2010春源, 929, 133, 0, 3, 9, 92, 29, 0, 0, 0, 0, 0, 0, 0, 464, 84, 0, 0, 7, 67, 10, 10, 1, 0, 0, 0, 0, 1, 103, 7, 0, 0, 1, 6, 0, 17, 2, 0, 0, 0, 0, 2, 32, 4, 0, 0, 0, 2, 2, 171, 24, 0, 0, 1, 11, 12, 10, 0, 0, 0, 0, 0, 0, 19, 0, 0, 0, 0, 0, 0, 10, 1, 0, 0, 0, 0, 1, 10, 0, 0, 0, 0, 0, 0, 12, 0, 0, 0, 0, 0, 0, 55, 10, 0, 3, 0, 6, 1, 8, 0, 0, 0, 0, 0, 0, 0, 0, 0, 0, 0, 0, 0, 8, 0, 0, 0, 0, 0, 0, 
1715亞化, 1256, 109, 0, 18, 15, 52, 24, 0, 0, 0, 0, 0, 0, 0, 94, 23, 0, 0, 5, 14, 4, 27, 8, 0, 0, 0, 1, 7, 55, 2, 0, 0, 0, 2, 0, 16, 2, 0, 0, 0, 0, 2, 42, 5, 0, 0, 0, 3, 2, 33, 5, 0, 0, 0, 4, 1, 26, 0, 0, 0, 0, 0, 0, 39, 0, 0, 0, 0, 0, 0, 14, 2, 0, 0, 0, 0, 2, 19, 0, 0, 0, 0, 0, 0, 25, 0, 0, 0, 0, 0, 0, 851, 62, 0, 18, 10, 28, 6, 9, 0, 0, 0, 0, 0, 0, 0, 0, 0, 0, 0, 0, 0, 6, 0, 0, 0, 0, 0, 0, 
1414東和, 445, 34, 0, 4, 3, 18, 9, 0, 0, 0, 0, 0, 0, 0, 57, 8, 0, 0, 2, 6, 0, 13, 1, 0, 0, 0, 0, 1, 73, 5, 0, 1, 1, 3, 0, 10, 1, 0, 0, 0, 0, 1, 63, 6, 0, 0, 0, 2, 4, 14, 0, 0, 0, 0, 0, 0, 41, 0, 0, 0, 0, 0, 0, 46, 2, 0, 0, 0, 1, 1, 9, 1, 0, 0, 0, 0, 1, 10, 0, 0, 0, 0, 0, 0, 41, 0, 0, 0, 0, 0, 0, 55, 10, 0, 3, 0, 6, 1, 7, 0, 0, 0, 0, 0, 0, 0, 0, 0, 0, 0, 0, 0, 6, 0, 0, 0, 0, 0, 0, 
2540愛山林, 336, 27, 0, 3, 1, 14, 9, 0, 0, 0, 0, 0, 0, 0, 75, 10, 0, 0, 0, 6, 4, 14, 1, 0, 0, 0, 0, 1, 54, 3, 0, 0, 1, 2, 0, 10, 1, 0, 0, 0, 0, 1, 9, 1, 0, 0, 0, 0, 1, 11, 0, 0, 0, 0, 0, 0, 27, 0, 0, 0, 0, 0, 0, 29, 0, 0, 0, 0, 0, 0, 10, 1, 0, 0, 0, 0, 1, 10, 0, 0, 0, 0, 0, 0, 15, 0, 0, 0, 0, 0, 0, 59, 10, 0, 3, 0, 6, 1, 7, 0, 0, 0, 0, 0, 0, 0, 0, 0, 0, 0, 0, 0, 6, 0, 0, 0, 0, 0, 0, 
1504東元, 1403, 158, 0, 4, 7, 88, 59, 73, 3, 0, 0, 0, 2, 1, 217, 49, 0, 1, 4, 40, 4, 102, 10, 0, 0, 1, 3, 6, 221, 12, 0, 0, 2, 10, 0, 14, 2, 0, 0, 0, 0, 2, 107, 6, 0, 0, 0, 4, 2, 444, 60, 0, 0, 0, 20, 40, 75, 4, 0, 0, 0, 3, 1, 34, 0, 0, 0, 0, 0, 0, 14, 2, 0, 0, 0, 0, 2, 13, 0, 0, 0, 0, 0, 0, 15, 0, 0, 0, 0, 0, 0, 58, 10, 0, 3, 0, 6, 1, 7, 0, 0, 0, 0, 0, 0, 0, 0, 0, 0, 0, 0, 0, 9, 0, 0, 0, 0, 0, 0, 
9943好樂迪, 495, 44, 0, 6, 4, 24, 10, 0, 0, 0, 0, 0, 0, 0, 87, 16, 0, 1, 4, 9, 2, 11, 1, 0, 0, 0, 0, 1, 57, 3, 0, 0, 0, 3, 0, 10, 1, 0, 0, 0, 0, 1, 31, 2, 0, 0, 0, 0, 2, 9, 0, 0, 0, 0, 0, 0, 10, 0, 0, 0, 0, 0, 0, 19, 0, 0, 0, 0, 0, 0, 9, 1, 0, 0, 0, 0, 1, 10, 0, 0, 0, 0, 0, 0, 12, 0, 0, 0, 0, 0, 0, 218, 20, 0, 5, 0, 12, 3, 7, 0, 0, 0, 0, 0, 0, 0, 0, 0, 0, 0, 0, 0, 5, 0, 0, 0, 0, 0, 0, 
1409新纖, 404, 38, 0, 4, 3, 22, 9, 0, 0, 0, 0, 0, 0, 0, 112, 18, 0, 0, 2, 13, 3, 13, 1, 0, 0, 0, 0, 1, 94, 10, 0, 1, 0, 8, 1, 22, 2, 0, 0, 1, 0, 1, 9, 1, 0, 0, 0, 0, 1, 11, 0, 0, 0, 0, 0, 0, 11, 0, 0, 0, 0, 0, 0, 20, 0, 0, 0, 0, 0, 0, 9, 1, 0, 0, 0, 0, 1, 11, 0, 0, 0, 0, 0, 0, 19, 0, 0, 0, 0, 0, 0, 60, 5, 0, 3, 0, 1, 1, 7, 0, 0, 0, 0, 0, 0, 0, 0, 0, 0, 0, 0, 0, 6, 0, 0, 0, 0, 0, 0, 
2025千興, 333, 38, 0, 4, 3, 20, 11, 0, 0, 0, 0, 0, 0, 0, 92, 20, 0, 0, 3, 11, 6, 12, 1, 0, 0, 0, 0, 1, 71, 5, 0, 2, 0, 3, 0, 10, 1, 0, 0, 0, 0, 1, 9, 1, 0, 0, 0, 0, 1, 9, 0, 0, 0, 0, 0, 0, 11, 0, 0, 0, 0, 0, 0, 19, 0, 0, 0, 0, 0, 0, 10, 1, 0, 0, 0, 0, 1, 10, 0, 0, 0, 0, 0, 0, 12, 0, 0, 0, 0, 0, 0, 54, 9, 0, 2, 0, 6, 1, 8, 0, 0, 0, 0, 0, 0, 0, 0, 0, 0, 0, 0, 0, 6, 0, 0, 0, 0, 0, 0, 
3686達能, 1065, 105, 0, 5, 2, 63, 35, 0, 0, 0, 0, 0, 0, 0, 255, 40, 0, 0, 2, 32, 6, 55, 4, 0, 0, 0, 0, 4, 76, 5, 0, 0, 0, 5, 0, 60, 11, 0, 0, 0, 7, 4, 100, 10, 0, 0, 0, 5, 5, 148, 12, 0, 0, 0, 3, 9, 32, 0, 0, 0, 0, 0, 0, 28, 0, 0, 0, 0, 0, 0, 34, 4, 0, 0, 0, 0, 4, 47, 1, 0, 0, 0, 0, 1, 74, 1, 0, 1, 0, 0, 0, 142, 17, 0, 4, 0, 11, 2, 8, 0, 0, 0, 0, 0, 0, 0, 0, 0, 0, 0, 0, 0, 6, 0, 0, 0, 0, 0, 0, 
1613台一, 235, 24, 0, 1, 1, 10, 12, 0, 0, 0, 0, 0, 0, 0, 32, 9, 0, 0, 1, 5, 3, 26, 4, 0, 0, 0, 1, 3, 34, 2, 0, 0, 0, 2, 0, 10, 1, 0, 0, 0, 0, 1, 20, 5, 0, 0, 0, 2, 3, 9, 0, 0, 0, 0, 0, 0, 10, 0, 0, 0, 0, 0, 0, 32, 0, 0, 0, 0, 0, 0, 10, 1, 0, 0, 0, 0, 1, 19, 1, 0, 0, 0, 0, 1, 12, 0, 0, 0, 0, 0, 0, 7, 1, 0, 1, 0, 0, 0, 7, 0, 0, 0, 0, 0, 0, 0, 0, 0, 0, 0, 0, 0, 7, 0, 0, 0, 0, 0, 0, 
1536和大, 462, 44, 0, 5, 4, 23, 12, 0, 0, 0, 0, 0, 0, 0, 126, 18, 0, 0, 4, 13, 1, 27, 3, 0, 0, 0, 0, 3, 60, 3, 0, 0, 0, 3, 0, 10, 1, 0, 0, 0, 0, 1, 10, 1, 0, 0, 0, 0, 1, 68, 5, 0, 0, 0, 1, 4, 26, 0, 0, 0, 0, 0, 0, 18, 0, 0, 0, 0, 0, 0, 11, 1, 0, 0, 0, 0, 1, 11, 0, 0, 0, 0, 0, 0, 30, 0, 0, 0, 0, 0, 0, 53, 12, 0, 5, 0, 6, 1, 8, 0, 0, 0, 0, 0, 0, 0, 0, 0, 0, 0, 0, 0, 4, 0, 0, 0, 0, 0, 0, 
1465偉全, 1015, 100, 2, 7, 5, 61, 25, 0, 0, 0, 0, 0, 0, 0, 269, 42, 2, 1, 4, 31, 4, 52, 6, 0, 0, 0, 2, 4, 93, 7, 0, 2, 1, 4, 0, 27, 2, 0, 0, 0, 0, 2, 105, 11, 0, 0, 0, 7, 4, 119, 16, 0, 0, 0, 9, 7, 64, 1, 0, 0, 0, 0, 1, 59, 0, 0, 0, 0, 0, 0, 24, 2, 0, 0, 0, 0, 2, 23, 0, 0, 0, 0, 0, 0, 77, 0, 0, 0, 0, 0, 0, 78, 13, 0, 4, 0, 8, 1, 18, 0, 0, 0, 0, 0, 0, 0, 0, 0, 0, 0, 0, 0, 7, 0, 0, 0, 0, 0, 0, 
2015豐興, 941, 113, 0, 9, 13, 73, 18, 560, 64, 0, 6, 9, 43, 6, 152, 31, 0, 0, 4, 24, 3, 11, 1, 0, 0, 0, 0, 1, 59, 4, 0, 1, 0, 3, 0, 9, 1, 0, 0, 0, 0, 1, 23, 2, 0, 0, 0, 0, 2, 51, 8, 0, 1, 0, 3, 4, 10, 0, 0, 0, 0, 0, 0, 19, 0, 0, 0, 0, 0, 0, 9, 1, 0, 0, 0, 0, 1, 10, 0, 0, 0, 0, 0, 0, 13, 0, 0, 0, 0, 0, 0, 8, 1, 0, 1, 0, 0, 0, 7, 0, 0, 0, 0, 0, 0, 0, 0, 0, 0, 0, 0, 0, 0, 0, 0, 0, 0, 0, 0, 
2712遠雄來, 204, 14, 0, 2, 0, 6, 6, 0, 0, 0, 0, 0, 0, 0, 14, 3, 0, 0, 0, 2, 1, 12, 1, 0, 0, 0, 0, 1, 22, 1, 0, 0, 0, 1, 0, 8, 1, 0, 0, 0, 0, 1, 8, 1, 0, 0, 0, 0, 1, 21, 0, 0, 0, 0, 0, 0, 11, 0, 0, 0, 0, 0, 0, 18, 0, 0, 0, 0, 0, 0, 19, 1, 0, 0, 0, 0, 1, 10, 0, 0, 0, 0, 0, 0, 13, 0, 0, 0, 0, 0, 0, 38, 6, 0, 2, 0, 3, 1, 5, 0, 0, 0, 0, 0, 0, 0, 0, 0, 0, 0, 0, 0, 5, 0, 0, 0, 0, 0, 0, 
6504南六, 655, 64, 0, 2, 3, 28, 31, 0, 0, 0, 0, 0, 0, 0, 139, 28, 0, 0, 3, 19, 6, 30, 3, 0, 0, 0, 0, 3, 77, 4, 0, 0, 0, 4, 0, 10, 1, 0, 0, 0, 0, 1, 103, 14, 0, 0, 0, 2, 12, 72, 5, 0, 0, 0, 0, 5, 22, 0, 0, 0, 0, 0, 0, 64, 1, 0, 0, 0, 0, 1, 15, 2, 0, 0, 0, 0, 2, 34, 0, 0, 0, 0, 0, 0, 29, 0, 0, 0, 0, 0, 0, 44, 6, 0, 2, 0, 3, 1, 10, 0, 0, 0, 0, 0, 0, 0, 0, 0, 0, 0, 0, 0, 6, 0, 0, 0, 0, 0, 0, 
1220台榮, 235, 17, 0, 3, 0, 10, 4, 0, 0, 0, 0, 0, 0, 0, 29, 4, 0, 0, 0, 3, 1, 11, 1, 0, 0, 0, 0, 1, 23, 1, 0, 0, 0, 1, 0, 10, 1, 0, 0, 0, 0, 1, 9, 0, 0, 0, 0, 0, 0, 23, 0, 0, 0, 0, 0, 0, 11, 0, 0, 0, 0, 0, 0, 19, 0, 0, 0, 0, 0, 0, 10, 1, 0, 0, 0, 0, 1, 9, 0, 0, 0, 0, 0, 0, 14, 0, 0, 0, 0, 0, 0, 53, 9, 0, 3, 0, 6, 0, 7, 0, 0, 0, 0, 0, 0, 0, 0, 0, 0, 0, 0, 0, 7, 0, 0, 0, 0, 0, 0, 
2387精元, 548, 55, 0, 3, 2, 35, 15, 0, 0, 0, 0, 0, 0, 0, 122, 20, 0, 0, 2, 15, 3, 36, 3, 0, 0, 0, 1, 2, 91, 9, 0, 0, 0, 7, 2, 12, 1, 0, 0, 0, 0, 1, 34, 3, 0, 0, 0, 0, 3, 81, 8, 0, 0, 0, 6, 2, 14, 0, 0, 0, 0, 0, 0, 20, 0, 0, 0, 0, 0, 0, 12, 1, 0, 0, 0, 0, 1, 12, 0, 0, 0, 0, 0, 0, 44, 0, 0, 0, 0, 0, 0, 56, 10, 0, 3, 0, 6, 1, 9, 0, 0, 0, 0, 0, 0, 0, 0, 0, 0, 0, 0, 0, 5, 0, 0, 0, 0, 0, 0, 
2013中鋼構, 314, 29, 0, 3, 1, 18, 7, 0, 0, 0, 0, 0, 0, 0, 49, 11, 0, 0, 1, 8, 2, 13, 1, 0, 0, 0, 0, 1, 54, 2, 0, 0, 0, 2, 0, 10, 1, 0, 0, 0, 0, 1, 10, 1, 0, 0, 0, 0, 1, 34, 1, 0, 0, 0, 1, 0, 11, 0, 0, 0, 0, 0, 0, 19, 0, 0, 0, 0, 0, 0, 10, 1, 0, 0, 0, 0, 1, 10, 0, 0, 0, 0, 0, 0, 14, 0, 0, 0, 0, 0, 0, 68, 11, 0, 3, 0, 7, 1, 7, 0, 0, 0, 0, 0, 0, 0, 0, 0, 0, 0, 0, 0, 5, 0, 0, 0, 0, 0, 0, 
4526東台, 671, 80, 0, 3, 7, 45, 25, 0, 0, 0, 0, 0, 0, 0, 197, 38, 0, 0, 5, 28, 5, 79, 15, 0, 0, 0, 3, 12, 99, 7, 0, 0, 1, 6, 0, 65, 6, 0, 0, 0, 2, 4, 17, 1, 0, 0, 0, 0, 1, 40, 1, 0, 0, 0, 0, 1, 28, 1, 0, 0, 1, 0, 0, 20, 0, 0, 0, 0, 0, 0, 11, 1, 0, 0, 0, 0, 1, 11, 0, 0, 0, 0, 0, 0, 35, 0, 0, 0, 0, 0, 0, 56, 10, 0, 3, 0, 6, 1, 8, 0, 0, 0, 0, 0, 0, 0, 0, 0, 0, 0, 0, 0, 5, 0, 0, 0, 0, 0, 0, 
4722國精化, 604, 68, 0, 4, 3, 39, 22, 0, 0, 0, 0, 0, 0, 0, 146, 25, 0, 0, 2, 17, 6, 36, 8, 0, 0, 0, 0, 8, 80, 8, 0, 0, 0, 8, 0, 32, 8, 0, 1, 1, 4, 2, 23, 3, 0, 0, 0, 1, 2, 107, 6, 0, 0, 0, 5, 1, 39, 2, 0, 1, 0, 1, 0, 22, 0, 0, 0, 0, 0, 0, 11, 2, 0, 0, 0, 0, 2, 23, 0, 0, 0, 0, 0, 0, 35, 0, 0, 0, 0, 0, 0, 39, 6, 0, 2, 0, 3, 1, 7, 0, 0, 0, 0, 0, 0, 0, 0, 0, 0, 0, 0, 0, 4, 0, 0, 0, 0, 0, 0, 
3013晟銘電, 326, 43, 0, 3, 4, 30, 6, 0, 0, 0, 0, 0, 0, 0, 45, 12, 0, 0, 3, 8, 1, 12, 1, 0, 0, 0, 0, 1, 116, 18, 0, 0, 1, 17, 0, 10, 1, 0, 0, 0, 0, 1, 10, 1, 0, 0, 0, 0, 1, 8, 0, 0, 0, 0, 0, 0, 13, 0, 0, 0, 0, 0, 0, 19, 0, 0, 0, 0, 0, 0, 10, 1, 0, 0, 0, 0, 1, 10, 0, 0, 0, 0, 0, 0, 12, 0, 0, 0, 0, 0, 0, 56, 9, 0, 3, 0, 5, 1, 0, 0, 0, 0, 0, 0, 0, 0, 0, 0, 0, 0, 0, 0, 5, 0, 0, 0, 0, 0, 0, 
2515中工, 704, 80, 0, 37, 0, 33, 10, 0, 0, 0, 0, 0, 0, 0, 0, 0, 0, 0, 0, 0, 0, 0, 0, 0, 0, 0, 0, 0, 0, 0, 0, 0, 0, 0, 0, 9, 1, 0, 0, 0, 0, 1, 24, 2, 0, 0, 0, 0, 2, 0, 0, 0, 0, 0, 0, 0, 26, 0, 0, 0, 0, 0, 0, 19, 0, 0, 0, 0, 0, 0, 10, 1, 0, 0, 0, 0, 1, 9, 0, 0, 0, 0, 0, 0, 18, 2, 0, 0, 0, 1, 1, 578, 74, 0, 37, 0, 32, 5, 7, 0, 0, 0, 0, 0, 0, 0, 0, 0, 0, 0, 0, 0, 4, 0, 0, 0, 0, 0, 0, 
1735日勝化, 635, 65, 0, 3, 2, 44, 16, 0, 0, 0, 0, 0, 0, 0, 177, 33, 0, 0, 2, 25, 6, 25, 2, 0, 0, 0, 0, 2, 120, 9, 0, 0, 0, 9, 0, 11, 1, 0, 0, 0, 0, 1, 68, 6, 0, 0, 0, 1, 5, 80, 3, 0, 0, 0, 3, 0, 21, 0, 0, 0, 0, 0, 0, 22, 0, 0, 0, 0, 0, 0, 11, 1, 0, 0, 0, 0, 1, 11, 0, 0, 0, 0, 0, 0, 22, 0, 0, 0, 0, 0, 0, 55, 10, 0, 3, 0, 6, 1, 6, 0, 0, 0, 0, 0, 0, 0, 0, 0, 0, 0, 0, 0, 6, 0, 0, 0, 0, 0, 0, 
6277宏正, 1634, 143, 4, 13, 2, 58, 66, 0, 0, 0, 0, 0, 0, 0, 339, 38, 4, 0, 0, 26, 8, 73, 12, 0, 0, 0, 4, 8, 94, 11, 0, 0, 0, 11, 0, 35, 2, 0, 0, 0, 1, 1, 127, 9, 0, 0, 0, 0, 9, 206, 9, 0, 0, 0, 2, 7, 80, 2, 0, 0, 0, 1, 1, 21, 0, 0, 0, 0, 0, 0, 23, 2, 0, 0, 0, 0, 2, 12, 0, 0, 0, 0, 0, 0, 38, 0, 0, 0, 0, 0, 0, 570, 58, 0, 13, 2, 13, 30, 10, 0, 0, 0, 0, 0, 0, 0, 0, 0, 0, 0, 0, 0, 6, 0, 0, 0, 0, 0, 0, 
2352佳世達, 4078, 435, 6, 121, 15, 202, 91, 0, 0, 0, 0, 0, 0, 0, 131, 23, 0, 0, 3, 18, 2, 25, 2, 0, 0, 0, 0, 2, 79, 7, 0, 2, 0, 5, 0, 28, 6, 0, 0, 0, 3, 3, 53, 5, 0, 0, 0, 2, 3, 71, 4, 0, 0, 0, 1, 3, 109, 10, 0, 6, 0, 0, 4, 23, 0, 0, 0, 0, 0, 0, 18, 2, 0, 0, 0, 0, 2, 16, 0, 0, 0, 0, 0, 0, 154, 0, 0, 0, 0, 0, 0, 3147, 341, 6, 113, 9, 141, 72, 7, 0, 0, 0, 0, 0, 0, 0, 0, 0, 0, 0, 0, 0, 217, 35, 0, 0, 3, 32, 0, 
2374佳能, 2257, 107, 9, 2, 1, 71, 24, 0, 0, 0, 0, 0, 0, 0, 498, 35, 4, 0, 1, 25, 5, 11, 1, 0, 0, 0, 0, 1, 1310, 38, 0, 0, 0, 35, 3, 26, 5, 0, 0, 0, 1, 4, 97, 12, 0, 1, 0, 5, 6, 120, 9, 0, 0, 0, 5, 4, 10, 0, 0, 0, 0, 0, 0, 19, 0, 0, 0, 0, 0, 0, 10, 1, 0, 0, 0, 0, 1, 11, 0, 0, 0, 0, 0, 0, 13, 0, 0, 0, 0, 0, 0, 119, 6, 5, 1, 0, 0, 0, 7, 0, 0, 0, 0, 0, 0, 0, 0, 0, 0, 0, 0, 0, 6, 0, 0, 0, 0, 0, 0, 
1419新紡, 361, 32, 0, 3, 1, 20, 8, 0, 0, 0, 0, 0, 0, 0, 103, 17, 0, 0, 1, 14, 2, 16, 1, 0, 0, 0, 0, 1, 40, 2, 0, 0, 0, 2, 0, 9, 1, 0, 0, 0, 0, 1, 9, 1, 0, 0, 0, 0, 1, 28, 1, 0, 0, 0, 0, 1, 24, 1, 0, 0, 0, 1, 0, 19, 0, 0, 0, 0, 0, 0, 9, 1, 0, 0, 0, 0, 1, 10, 0, 0, 0, 0, 0, 0, 44, 1, 0, 1, 0, 0, 0, 39, 6, 0, 2, 0, 3, 1, 7, 0, 0, 0, 0, 0, 0, 0, 0, 0, 0, 0, 0, 0, 4, 0, 0, 0, 0, 0, 0, 
2102泰豐, 952, 122, 11, 11, 2, 70, 28, 0, 0, 0, 0, 0, 0, 0, 251, 54, 0, 0, 2, 41, 11, 45, 10, 0, 2, 0, 3, 5, 119, 9, 0, 0, 0, 9, 0, 10, 1, 0, 0, 0, 0, 1, 9, 1, 0, 0, 0, 0, 1, 55, 11, 0, 1, 0, 7, 3, 97, 4, 0, 2, 0, 1, 1, 21, 0, 0, 0, 0, 0, 0, 9, 1, 0, 0, 0, 0, 1, 14, 0, 0, 0, 0, 0, 0, 13, 0, 0, 0, 0, 0, 0, 295, 31, 11, 6, 0, 9, 5, 7, 0, 0, 0, 0, 0, 0, 0, 0, 0, 0, 0, 0, 0, 7, 0, 0, 0, 0, 0, 0, 
1538正峰新, 633, 75, 0, 5, 1, 43, 26, 0, 0, 0, 0, 0, 0, 0, 114, 28, 0, 0, 1, 20, 7, 11, 1, 0, 0, 0, 0, 1, 80, 8, 0, 0, 0, 7, 1, 9, 1, 0, 0, 0, 0, 1, 28, 3, 0, 0, 0, 1, 2, 71, 10, 0, 0, 0, 2, 8, 28, 4, 0, 0, 0, 1, 3, 18, 0, 0, 0, 0, 0, 0, 8, 1, 0, 0, 0, 0, 1, 9, 0, 0, 0, 0, 0, 0, 33, 0, 0, 0, 0, 0, 0, 212, 19, 0, 5, 0, 12, 2, 7, 0, 0, 0, 0, 0, 0, 0, 0, 0, 0, 0, 0, 0, 5, 0, 0, 0, 0, 0, 0, 
3004豐達科, 746, 82, 0, 9, 5, 47, 21, 0, 0, 0, 0, 0, 0, 0, 161, 31, 0, 0, 4, 24, 3, 11, 1, 0, 0, 0, 0, 1, 61, 3, 0, 0, 0, 3, 0, 9, 1, 0, 0, 0, 0, 1, 71, 6, 0, 0, 0, 1, 5, 29, 2, 0, 0, 0, 1, 1, 10, 0, 0, 0, 0, 0, 0, 45, 1, 0, 0, 0, 0, 1, 10, 1, 0, 0, 0, 0, 1, 10, 0, 0, 0, 0, 0, 0, 25, 0, 0, 0, 0, 0, 0, 292, 36, 0, 9, 1, 18, 8, 7, 0, 0, 0, 0, 0, 0, 0, 0, 0, 0, 0, 0, 0, 5, 0, 0, 0, 0, 0, 0, 
9958世紀鋼, 790, 89, 0, 12, 1, 52, 24, 0, 0, 0, 0, 0, 0, 0, 36, 4, 0, 0, 0, 3, 1, 35, 2, 0, 0, 0, 0, 2, 140, 12, 0, 0, 0, 11, 1, 42, 3, 0, 0, 0, 2, 1, 141, 29, 0, 0, 0, 21, 8, 68, 8, 0, 1, 0, 3, 4, 30, 0, 0, 0, 0, 0, 0, 33, 0, 0, 0, 0, 0, 0, 20, 2, 0, 0, 0, 0, 2, 24, 0, 0, 0, 0, 0, 0, 44, 1, 0, 1, 0, 0, 0, 162, 28, 0, 10, 1, 12, 5, 9, 0, 0, 0, 0, 0, 0, 0, 0, 0, 0, 0, 0, 0, 6, 0, 0, 0, 0, 0, 0, 
1210大成, 850, 118, 2, 4, 7, 70, 35, 0, 0, 0, 0, 0, 0, 0, 315, 55, 2, 0, 7, 37, 9, 12, 1, 0, 0, 0, 0, 1, 214, 24, 0, 0, 0, 20, 4, 10, 1, 0, 0, 0, 0, 1, 37, 4, 0, 0, 0, 2, 2, 130, 22, 0, 1, 0, 5, 16, 11, 0, 0, 0, 0, 0, 0, 19, 0, 0, 0, 0, 0, 0, 10, 1, 0, 0, 0, 0, 1, 10, 0, 0, 0, 0, 0, 0, 13, 0, 0, 0, 0, 0, 0, 55, 10, 0, 3, 0, 6, 1, 8, 0, 0, 0, 0, 0, 0, 0, 0, 0, 0, 0, 0, 0, 6, 0, 0, 0, 0, 0, 0, 
2707晶華, 272, 23, 0, 3, 1, 12, 7, 0, 0, 0, 0, 0, 0, 0, 14, 3, 0, 0, 0, 2, 1, 11, 1, 0, 0, 0, 0, 1, 39, 3, 0, 0, 0, 3, 0, 10, 1, 0, 0, 0, 0, 1, 23, 2, 0, 0, 0, 1, 1, 9, 0, 0, 0, 0, 0, 0, 25, 1, 0, 0, 1, 0, 0, 24, 0, 0, 0, 0, 0, 0, 17, 2, 0, 0, 0, 0, 2, 19, 0, 0, 0, 0, 0, 0, 12, 0, 0, 0, 0, 0, 0, 54, 10, 0, 3, 0, 6, 1, 9, 0, 0, 0, 0, 0, 0, 0, 0, 0, 0, 0, 0, 0, 6, 0, 0, 0, 0, 0, 0, 
1718中纖, 629, 64, 0, 1, 0, 47, 16, 0, 0, 0, 0, 0, 0, 0, 233, 37, 0, 0, 0, 28, 9, 24, 2, 0, 0, 0, 0, 2, 167, 20, 0, 0, 0, 19, 1, 29, 1, 0, 0, 0, 0, 1, 18, 1, 0, 0, 0, 0, 1, 29, 1, 0, 0, 0, 0, 1, 36, 0, 0, 0, 0, 0, 0, 20, 0, 0, 0, 0, 0, 0, 12, 1, 0, 0, 0, 0, 1, 12, 0, 0, 0, 0, 0, 0, 31, 0, 0, 0, 0, 0, 0, 7, 1, 0, 1, 0, 0, 0, 7, 0, 0, 0, 0, 0, 0, 0, 0, 0, 0, 0, 0, 0, 4, 0, 0, 0, 0, 0, 0, 
1723中碳, 1030, 112, 2, 9, 2, 65, 34, 80, 6, 0, 2, 0, 1, 3, 360, 53, 2, 1, 2, 37, 11, 50, 10, 0, 1, 0, 5, 4, 81, 7, 0, 0, 0, 7, 0, 25, 2, 0, 0, 0, 0, 2, 60, 5, 0, 0, 0, 2, 3, 110, 13, 0, 0, 0, 5, 8, 37, 2, 0, 1, 0, 0, 1, 24, 0, 0, 0, 0, 0, 0, 16, 1, 0, 0, 0, 0, 1, 17, 0, 0, 0, 0, 0, 0, 108, 4, 0, 2, 0, 2, 0, 57, 9, 0, 2, 0, 6, 1, 0, 0, 0, 0, 0, 0, 0, 0, 0, 0, 0, 0, 0, 0, 5, 0, 0, 0, 0, 0, 0, 
2606裕民, 300, 16, 2, 0, 1, 5, 8, 0, 0, 0, 0, 0, 0, 0, 25, 1, 0, 0, 0, 1, 0, 122, 9, 0, 0, 0, 3, 6, 22, 1, 0, 0, 0, 1, 0, 0, 0, 0, 0, 0, 0, 0, 0, 0, 0, 0, 0, 0, 0, 23, 0, 0, 0, 0, 0, 0, 37, 2, 0, 0, 1, 0, 1, 0, 0, 0, 0, 0, 0, 0, 15, 1, 0, 0, 0, 0, 1, 0, 0, 0, 0, 0, 0, 0, 56, 2, 2, 0, 0, 0, 0, 0, 0, 0, 0, 0, 0, 0, 0, 0, 0, 0, 0, 0, 0, 0, 0, 0, 0, 0, 0, 0, 0, 0, 0, 0, 0, 0, 0, 
1707葡萄王, 246, 22, 0, 1, 2, 13, 6, 0, 0, 0, 0, 0, 0, 0, 65, 12, 0, 0, 2, 8, 2, 11, 1, 0, 0, 0, 0, 1, 62, 4, 0, 0, 0, 4, 0, 8, 1, 0, 0, 0, 0, 1, 8, 1, 0, 0, 0, 0, 1, 11, 1, 0, 0, 0, 1, 0, 11, 0, 0, 0, 0, 0, 0, 19, 0, 0, 0, 0, 0, 0, 9, 1, 0, 0, 0, 0, 1, 9, 0, 0, 0, 0, 0, 0, 13, 0, 0, 0, 0, 0, 0, 6, 1, 0, 1, 0, 0, 0, 6, 0, 0, 0, 0, 0, 0, 0, 0, 0, 0, 0, 0, 0, 8, 0, 0, 0, 0, 0, 0, 
2618長榮航, 1047, 104, 0, 12, 20, 52, 20, 226, 20, 0, 10, 3, 6, 1, 96, 22, 0, 0, 2, 18, 2, 16, 1, 0, 0, 0, 0, 1, 104, 7, 0, 0, 0, 7, 0, 18, 2, 0, 0, 0, 0, 2, 17, 2, 0, 0, 0, 0, 2, 92, 1, 0, 0, 0, 1, 0, 11, 0, 0, 0, 0, 0, 0, 26, 0, 0, 0, 0, 0, 0, 17, 2, 0, 0, 0, 0, 2, 21, 0, 0, 0, 0, 0, 0, 15, 0, 0, 0, 0, 0, 0, 36, 6, 0, 2, 0, 3, 1, 345, 41, 0, 0, 15, 17, 9, 0, 0, 0, 0, 0, 0, 0, 7, 0, 0, 0, 0, 0, 0, 
8081致新, 485, 58, 0, 4, 0, 38, 16, 0, 0, 0, 0, 0, 0, 0, 128, 23, 0, 0, 0, 19, 4, 26, 5, 0, 0, 0, 1, 4, 59, 9, 0, 0, 0, 9, 0, 24, 3, 0, 0, 0, 2, 1, 31, 3, 0, 0, 0, 0, 3, 20, 3, 0, 0, 0, 1, 2, 19, 0, 0, 0, 0, 0, 0, 34, 0, 0, 0, 0, 0, 0, 17, 1, 0, 0, 0, 0, 1, 15, 0, 0, 0, 0, 0, 0, 48, 0, 0, 0, 0, 0, 0, 52, 11, 0, 4, 0, 6, 1, 7, 0, 0, 0, 0, 0, 0, 0, 0, 0, 0, 0, 0, 0, 5, 0, 0, 0, 0, 0, 0, 
2351順德, 588, 50, 0, 3, 1, 26, 20, 0, 0, 0, 0, 0, 0, 0, 64, 12, 0, 0, 0, 9, 3, 43, 1, 0, 0, 0, 0, 1, 50, 5, 0, 0, 1, 4, 0, 30, 3, 0, 0, 0, 2, 1, 29, 3, 0, 0, 0, 2, 1, 172, 19, 0, 0, 0, 7, 12, 30, 3, 0, 1, 0, 1, 1, 37, 0, 0, 0, 0, 0, 0, 10, 1, 0, 0, 0, 0, 1, 25, 2, 0, 1, 0, 1, 0, 80, 1, 0, 1, 0, 0, 0, 6, 0, 0, 0, 0, 0, 0, 7, 0, 0, 0, 0, 0, 0, 0, 0, 0, 0, 0, 0, 0, 5, 0, 0, 0, 0, 0, 0, 
9937全國, 364, 43, 0, 3, 2, 27, 11, 0, 0, 0, 0, 0, 0, 0, 96, 20, 0, 0, 1, 16, 3, 12, 1, 0, 0, 0, 0, 1, 37, 2, 0, 0, 0, 2, 0, 10, 1, 0, 0, 0, 0, 1, 76, 16, 0, 1, 1, 9, 5, 8, 0, 0, 0, 0, 0, 0, 11, 0, 0, 0, 0, 0, 0, 32, 0, 0, 0, 0, 0, 0, 10, 1, 0, 0, 0, 0, 1, 15, 0, 0, 0, 0, 0, 0, 34, 0, 0, 0, 0, 0, 0, 9, 2, 0, 2, 0, 0, 0, 9, 0, 0, 0, 0, 0, 0, 0, 0, 0, 0, 0, 0, 0, 5, 0, 0, 0, 0, 0, 0, 
1101台泥, 1129, 109, 0, 18, 7, 63, 21, 0, 0, 0, 0, 0, 0, 0, 120, 28, 0, 0, 5, 19, 4, 60, 11, 0, 0, 0, 1, 10, 90, 5, 0, 0, 0, 5, 0, 9, 1, 0, 0, 0, 0, 1, 9, 1, 0, 0, 0, 0, 1, 42, 4, 0, 0, 0, 3, 1, 64, 1, 0, 0, 0, 1, 0, 17, 0, 0, 0, 0, 0, 0, 10, 1, 0, 0, 0, 0, 1, 10, 0, 0, 0, 0, 0, 0, 14, 0, 0, 0, 0, 0, 0, 670, 57, 0, 18, 2, 34, 3, 7, 0, 0, 0, 0, 0, 0, 0, 0, 0, 0, 0, 0, 0, 7, 0, 0, 0, 0, 0, 0, 
1529樂士, 612, 51, 3, 3, 1, 31, 13, 0, 0, 0, 0, 0, 0, 0, 203, 23, 3, 0, 1, 16, 3, 31, 2, 0, 0, 0, 0, 2, 56, 3, 0, 0, 0, 3, 0, 9, 1, 0, 0, 0, 0, 1, 99, 8, 0, 0, 0, 5, 3, 14, 0, 0, 0, 0, 0, 0, 11, 0, 0, 0, 0, 0, 0, 28, 0, 0, 0, 0, 0, 0, 9, 1, 0, 0, 0, 0, 1, 10, 0, 0, 0, 0, 0, 0, 42, 0, 0, 0, 0, 0, 0, 88, 13, 0, 3, 0, 7, 3, 6, 0, 0, 0, 0, 0, 0, 0, 0, 0, 0, 0, 0, 0, 6, 0, 0, 0, 0, 0, 0, 
2841台開, 862, 80, 2, 17, 3, 43, 15, 0, 0, 0, 0, 0, 0, 0, 99, 13, 0, 1, 1, 9, 2, 12, 1, 0, 0, 0, 0, 1, 57, 4, 0, 0, 0, 3, 1, 11, 1, 0, 0, 0, 0, 1, 117, 9, 0, 0, 1, 3, 5, 13, 0, 0, 0, 0, 0, 0, 11, 0, 0, 0, 0, 0, 0, 20, 0, 0, 0, 0, 0, 0, 11, 1, 0, 0, 0, 0, 1, 13, 0, 0, 0, 0, 0, 0, 140, 15, 2, 1, 1, 8, 3, 344, 36, 0, 15, 0, 20, 1, 9, 0, 0, 0, 0, 0, 0, 0, 0, 0, 0, 0, 0, 0, 5, 0, 0, 0, 0, 0, 0, 
2601益航, 805, 62, 0, 9, 4, 38, 11, 0, 0, 0, 0, 0, 0, 0, 98, 18, 0, 0, 3, 12, 3, 100, 10, 0, 0, 0, 7, 3, 80, 5, 0, 0, 0, 5, 0, 11, 1, 0, 0, 0, 0, 1, 36, 6, 0, 0, 0, 3, 3, 21, 0, 0, 0, 0, 0, 0, 19, 0, 0, 0, 0, 0, 0, 49, 0, 0, 0, 0, 0, 0, 10, 1, 0, 0, 0, 0, 1, 11, 0, 0, 0, 0, 0, 0, 38, 0, 0, 0, 0, 0, 0, 320, 21, 0, 9, 1, 11, 0, 7, 0, 0, 0, 0, 0, 0, 0, 0, 0, 0, 0, 0, 0, 5, 0, 0, 0, 0, 0, 0, 
1225福懋油脂, 268, 21, 0, 1, 1, 12, 7, 0, 0, 0, 0, 0, 0, 0, 42, 8, 0, 0, 0, 5, 3, 12, 1, 0, 0, 0, 0, 1, 77, 6, 0, 0, 0, 6, 0, 10, 1, 0, 0, 0, 0, 1, 9, 1, 0, 0, 0, 0, 1, 22, 0, 0, 0, 0, 0, 0, 24, 2, 0, 0, 1, 1, 0, 19, 0, 0, 0, 0, 0, 0, 9, 1, 0, 0, 0, 0, 1, 10, 0, 0, 0, 0, 0, 0, 15, 0, 0, 0, 0, 0, 0, 6, 1, 0, 1, 0, 0, 0, 7, 0, 0, 0, 0, 0, 0, 0, 0, 0, 0, 0, 0, 0, 6, 0, 0, 0, 0, 0, 0, 
9911櫻花, 626, 74, 0, 9, 8, 41, 16, 0, 0, 0, 0, 0, 0, 0, 169, 38, 0, 0, 8, 26, 4, 12, 1, 0, 0, 0, 0, 1, 54, 3, 0, 0, 0, 3, 0, 19, 2, 0, 0, 0, 1, 1, 9, 1, 0, 0, 0, 0, 1, 43, 10, 0, 1, 0, 2, 7, 27, 0, 0, 0, 0, 0, 0, 19, 0, 0, 0, 0, 0, 0, 10, 1, 0, 0, 0, 0, 1, 10, 0, 0, 0, 0, 0, 0, 30, 0, 0, 0, 0, 0, 0, 211, 18, 0, 8, 0, 9, 1, 8, 0, 0, 0, 0, 0, 0, 0, 0, 0, 0, 0, 0, 0, 5, 0, 0, 0, 0, 0, 0, 
1720生達, 675, 55, 0, 4, 0, 27, 24, 0, 0, 0, 0, 0, 0, 0, 78, 10, 0, 0, 0, 7, 3, 31, 2, 0, 0, 0, 0, 2, 53, 3, 0, 0, 0, 3, 0, 13, 1, 0, 0, 0, 0, 1, 31, 2, 0, 0, 0, 0, 2, 175, 17, 0, 0, 0, 6, 11, 31, 0, 0, 0, 0, 0, 0, 21, 0, 0, 0, 0, 0, 0, 12, 1, 0, 0, 0, 0, 1, 12, 0, 0, 0, 0, 0, 0, 144, 8, 0, 0, 0, 5, 3, 58, 11, 0, 4, 0, 6, 1, 9, 0, 0, 0, 0, 0, 0, 0, 0, 0, 0, 0, 0, 0, 7, 0, 0, 0, 0, 0, 0, 
2033佳大, 484, 53, 9, 4, 4, 19, 17, 0, 0, 0, 0, 0, 0, 0, 125, 26, 0, 0, 3, 14, 9, 12, 1, 0, 0, 0, 0, 1, 32, 2, 0, 0, 0, 2, 0, 12, 1, 0, 0, 0, 0, 1, 10, 1, 0, 0, 0, 0, 1, 23, 0, 0, 0, 0, 0, 0, 41, 2, 0, 0, 1, 0, 1, 23, 0, 0, 0, 0, 0, 0, 8, 1, 0, 0, 0, 0, 1, 21, 0, 0, 0, 0, 0, 0, 27, 2, 0, 2, 0, 0, 0, 144, 17, 9, 2, 0, 3, 3, 0, 0, 0, 0, 0, 0, 0, 0, 0, 0, 0, 0, 0, 0, 6, 0, 0, 0, 0, 0, 0, 
2436偉詮電, 615, 61, 0, 3, 0, 30, 28, 0, 0, 0, 0, 0, 0, 0, 116, 18, 0, 0, 0, 15, 3, 37, 9, 0, 0, 0, 4, 5, 40, 2, 0, 0, 0, 2, 0, 20, 2, 0, 0, 0, 0, 2, 76, 8, 0, 0, 0, 3, 5, 168, 16, 0, 1, 0, 4, 11, 24, 0, 0, 0, 0, 0, 0, 34, 0, 0, 0, 0, 0, 0, 13, 2, 0, 0, 0, 0, 2, 14, 0, 0, 0, 0, 0, 0, 32, 0, 0, 0, 0, 0, 0, 28, 4, 0, 2, 0, 2, 0, 7, 0, 0, 0, 0, 0, 0, 0, 0, 0, 0, 0, 0, 0, 6, 0, 0, 0, 0, 0, 0, 
1434福懋, 984, 97, 7, 7, 6, 50, 27, 0, 0, 0, 0, 0, 0, 0, 131, 31, 0, 0, 3, 23, 5, 22, 3, 0, 0, 0, 0, 3, 185, 18, 1, 4, 0, 13, 0, 41, 4, 0, 0, 2, 0, 2, 97, 9, 0, 0, 0, 3, 6, 135, 3, 0, 0, 0, 1, 2, 34, 1, 0, 0, 0, 1, 0, 19, 0, 0, 0, 0, 0, 0, 10, 1, 0, 0, 0, 0, 1, 10, 0, 0, 0, 0, 0, 0, 147, 14, 6, 0, 1, 2, 5, 54, 10, 0, 3, 0, 6, 1, 7, 0, 0, 0, 0, 0, 0, 0, 0, 0, 0, 0, 0, 0, 92, 3, 0, 0, 0, 1, 2, 
4104佳醫, 920, 105, 6, 5, 2, 64, 28, 0, 0, 0, 0, 0, 0, 0, 166, 48, 0, 0, 1, 44, 3, 51, 7, 0, 0, 0, 1, 6, 124, 9, 0, 0, 0, 9, 0, 11, 1, 0, 0, 0, 0, 1, 251, 17, 0, 0, 0, 3, 14, 10, 0, 0, 0, 0, 0, 0, 19, 0, 0, 0, 0, 0, 0, 21, 0, 0, 0, 0, 0, 0, 11, 1, 0, 0, 0, 0, 1, 11, 0, 0, 0, 0, 0, 0, 54, 8, 6, 1, 1, 0, 0, 64, 11, 0, 4, 0, 6, 1, 8, 0, 0, 0, 0, 0, 0, 0, 0, 0, 0, 0, 0, 0, 119, 3, 0, 0, 0, 1, 2, 
1605華新, 858, 124, 1, 5, 15, 85, 18, 89, 13, 0, 0, 1, 6, 6, 105, 23, 0, 0, 1, 17, 5, 12, 1, 0, 0, 0, 0, 1, 102, 13, 0, 2, 0, 11, 0, 11, 1, 0, 0, 0, 0, 1, 10, 1, 0, 0, 0, 0, 1, 30, 1, 0, 0, 0, 0, 1, 10, 0, 0, 0, 0, 0, 0, 19, 0, 0, 0, 0, 0, 0, 10, 1, 0, 0, 0, 0, 1, 11, 0, 0, 0, 0, 0, 0, 13, 0, 0, 0, 0, 0, 0, 54, 10, 0, 3, 0, 6, 1, 374, 60, 1, 0, 13, 45, 1, 0, 0, 0, 0, 0, 0, 0, 8, 0, 0, 0, 0, 0, 0, 
6257矽格, 738, 74, 0, 2, 5, 44, 23, 0, 0, 0, 0, 0, 0, 0, 187, 30, 0, 0, 3, 23, 4, 44, 4, 0, 0, 0, 1, 3, 139, 15, 0, 0, 2, 13, 0, 72, 8, 0, 0, 0, 3, 5, 70, 11, 0, 0, 0, 4, 7, 78, 3, 0, 0, 0, 0, 3, 23, 0, 0, 0, 0, 0, 0, 19, 0, 0, 0, 0, 0, 0, 9, 1, 0, 0, 0, 0, 1, 18, 0, 0, 0, 0, 0, 0, 60, 1, 0, 1, 0, 0, 0, 6, 1, 0, 1, 0, 0, 0, 8, 0, 0, 0, 0, 0, 0, 0, 0, 0, 0, 0, 0, 0, 5, 0, 0, 0, 0, 0, 0, 
2511太子, 528, 46, 1, 3, 2, 31, 9, 0, 0, 0, 0, 0, 0, 0, 155, 19, 0, 0, 2, 15, 2, 13, 1, 0, 0, 0, 0, 1, 88, 7, 0, 0, 0, 7, 0, 11, 1, 0, 0, 0, 0, 1, 12, 1, 0, 0, 0, 0, 1, 8, 0, 0, 0, 0, 0, 0, 33, 1, 0, 0, 0, 1, 0, 21, 0, 0, 0, 0, 0, 0, 13, 1, 0, 0, 0, 0, 1, 35, 0, 0, 0, 0, 0, 0, 82, 9, 1, 1, 0, 5, 2, 43, 6, 0, 2, 0, 3, 1, 9, 0, 0, 0, 0, 0, 0, 0, 0, 0, 0, 0, 0, 0, 5, 0, 0, 0, 0, 0, 0, 
2608大榮, 257, 23, 0, 2, 2, 12, 7, 0, 0, 0, 0, 0, 0, 0, 50, 12, 0, 0, 2, 8, 2, 22, 2, 0, 0, 0, 0, 2, 42, 4, 0, 0, 0, 4, 0, 9, 1, 0, 0, 0, 0, 1, 10, 1, 0, 0, 0, 0, 1, 8, 0, 0, 0, 0, 0, 0, 25, 0, 0, 0, 0, 0, 0, 31, 0, 0, 0, 0, 0, 0, 8, 1, 0, 0, 0, 0, 1, 9, 0, 0, 0, 0, 0, 0, 26, 0, 0, 0, 0, 0, 0, 6, 2, 0, 2, 0, 0, 0, 6, 0, 0, 0, 0, 0, 0, 0, 0, 0, 0, 0, 0, 0, 5, 0, 0, 0, 0, 0, 0, 
1402遠紡, 941, 130, 0, 9, 4, 75, 42, 0, 0, 0, 0, 0, 0, 0, 207, 42, 0, 1, 1, 33, 7, 184, 31, 0, 2, 0, 9, 20, 194, 24, 0, 2, 1, 19, 2, 21, 2, 0, 0, 1, 0, 1, 43, 5, 0, 0, 0, 1, 4, 133, 14, 0, 0, 1, 7, 6, 20, 0, 0, 0, 0, 0, 0, 18, 0, 0, 0, 0, 0, 0, 9, 1, 0, 0, 0, 0, 1, 13, 0, 0, 0, 0, 0, 0, 26, 0, 0, 0, 0, 0, 0, 60, 11, 0, 4, 0, 6, 1, 7, 0, 0, 0, 0, 0, 0, 0, 0, 0, 0, 0, 0, 0, 6, 0, 0, 0, 0, 0, 0, 
2614東森, 3518, 273, 0, 27, 24, 178, 44, 88, 3, 0, 2, 0, 0, 1, 392, 81, 0, 0, 15, 63, 3, 15, 1, 0, 0, 0, 0, 1, 160, 19, 0, 0, 2, 16, 1, 15, 1, 0, 0, 0, 0, 1, 96, 10, 0, 0, 0, 4, 6, 13, 0, 0, 0, 0, 0, 0, 15, 0, 0, 0, 0, 0, 0, 72, 2, 0, 0, 0, 2, 0, 12, 1, 0, 0, 0, 0, 1, 13, 0, 0, 0, 0, 0, 0, 16, 0, 0, 0, 0, 0, 0, 2604, 155, 0, 25, 7, 93, 30, 0, 0, 0, 0, 0, 0, 0, 0, 0, 0, 0, 0, 0, 0, 7, 0, 0, 0, 0, 0, 0, 
2520冠德, 914, 76, 0, 27, 5, 23, 21, 182, 9, 0, 8, 1, 0, 0, 67, 12, 0, 0, 2, 7, 3, 40, 5, 0, 0, 0, 1, 4, 65, 2, 0, 0, 0, 2, 0, 11, 1, 0, 0, 0, 0, 1, 53, 5, 0, 0, 1, 0, 4, 42, 5, 0, 0, 0, 1, 4, 42, 1, 0, 0, 0, 0, 1, 25, 0, 0, 0, 0, 0, 0, 11, 1, 0, 0, 0, 0, 1, 13, 0, 0, 0, 0, 0, 0, 50, 2, 0, 1, 0, 0, 1, 122, 24, 0, 10, 0, 12, 2, 186, 9, 0, 8, 1, 0, 0, 0, 0, 0, 0, 0, 0, 0, 5, 0, 0, 0, 0, 0, 0, 
9927泰銘, 673, 74, 0, 4, 8, 46, 16, 0, 0, 0, 0, 0, 0, 0, 210, 38, 0, 1, 6, 26, 5, 39, 2, 0, 0, 0, 0, 2, 92, 12, 0, 0, 1, 11, 0, 23, 2, 0, 0, 0, 0, 2, 60, 6, 0, 0, 0, 2, 4, 26, 2, 0, 0, 0, 2, 0, 30, 2, 0, 0, 1, 0, 1, 49, 0, 0, 0, 0, 0, 0, 8, 1, 0, 0, 0, 0, 1, 34, 0, 0, 0, 0, 0, 0, 34, 0, 0, 0, 0, 0, 0, 57, 9, 0, 3, 0, 5, 1, 6, 0, 0, 0, 0, 0, 0, 0, 0, 0, 0, 0, 0, 0, 5, 0, 0, 0, 0, 0, 0, 
1418東華, 214, 15, 0, 1, 0, 9, 5, 0, 0, 0, 0, 0, 0, 0, 14, 3, 0, 0, 0, 2, 1, 12, 1, 0, 0, 0, 0, 1, 24, 1, 0, 0, 0, 1, 0, 10, 1, 0, 0, 0, 0, 1, 10, 1, 0, 0, 0, 0, 1, 62, 6, 0, 0, 0, 6, 0, 11, 0, 0, 0, 0, 0, 0, 18, 0, 0, 0, 0, 0, 0, 10, 1, 0, 0, 0, 0, 1, 11, 0, 0, 0, 0, 0, 0, 13, 0, 0, 0, 0, 0, 0, 6, 1, 0, 1, 0, 0, 0, 8, 0, 0, 0, 0, 0, 0, 0, 0, 0, 0, 0, 0, 0, 5, 0, 0, 0, 0, 0, 0, 
1709和益, 464, 57, 0, 1, 6, 28, 22, 0, 0, 0, 0, 0, 0, 0, 112, 28, 0, 0, 5, 19, 4, 25, 3, 0, 0, 0, 0, 3, 53, 4, 0, 0, 1, 2, 1, 11, 1, 0, 0, 0, 0, 1, 9, 1, 0, 0, 0, 0, 1, 94, 12, 0, 0, 0, 3, 9, 34, 2, 0, 0, 0, 1, 1, 20, 0, 0, 0, 0, 0, 0, 9, 1, 0, 0, 0, 0, 1, 11, 0, 0, 0, 0, 0, 0, 67, 4, 0, 0, 0, 3, 1, 6, 1, 0, 1, 0, 0, 0, 8, 0, 0, 0, 0, 0, 0, 0, 0, 0, 0, 0, 0, 0, 5, 0, 0, 0, 0, 0, 0, 
1905華紙, 210, 14, 0, 2, 0, 6, 6, 0, 0, 0, 0, 0, 0, 0, 29, 6, 0, 0, 0, 4, 2, 12, 1, 0, 0, 0, 0, 1, 44, 2, 0, 0, 0, 2, 0, 9, 1, 0, 0, 0, 0, 1, 9, 1, 0, 0, 0, 0, 1, 8, 0, 0, 0, 0, 0, 0, 11, 0, 0, 0, 0, 0, 0, 19, 0, 0, 0, 0, 0, 0, 9, 1, 0, 0, 0, 0, 1, 11, 0, 0, 0, 0, 0, 0, 12, 0, 0, 0, 0, 0, 0, 6, 2, 0, 2, 0, 0, 0, 7, 0, 0, 0, 0, 0, 0, 0, 0, 0, 0, 0, 0, 0, 24, 0, 0, 0, 0, 0, 0, 
2905三商行, 518, 45, 0, 5, 2, 22, 16, 0, 0, 0, 0, 0, 0, 0, 41, 5, 0, 0, 0, 4, 1, 48, 3, 0, 0, 0, 0, 3, 114, 7, 0, 2, 0, 5, 0, 12, 2, 0, 0, 0, 0, 2, 19, 2, 0, 0, 0, 0, 2, 13, 0, 0, 0, 0, 0, 0, 58, 7, 0, 0, 0, 5, 2, 22, 0, 0, 0, 0, 0, 0, 68, 9, 0, 0, 2, 2, 5, 13, 0, 0, 0, 0, 0, 0, 38, 0, 0, 0, 0, 0, 0, 57, 10, 0, 3, 0, 6, 1, 10, 0, 0, 0, 0, 0, 0, 0, 0, 0, 0, 0, 0, 0, 5, 0, 0, 0, 0, 0, 0, 
8926台汽電, 483, 58, 0, 3, 3, 42, 10, 0, 0, 0, 0, 0, 0, 0, 147, 31, 0, 0, 3, 24, 4, 16, 1, 0, 0, 0, 0, 1, 98, 6, 0, 0, 0, 6, 0, 9, 1, 0, 0, 0, 0, 1, 9, 1, 0, 0, 0, 0, 1, 9, 0, 0, 0, 0, 0, 0, 11, 0, 0, 0, 0, 0, 0, 19, 0, 0, 0, 0, 0, 0, 9, 1, 0, 0, 0, 0, 1, 10, 0, 0, 0, 0, 0, 0, 78, 7, 0, 0, 0, 6, 1, 55, 10, 0, 3, 0, 6, 1, 7, 0, 0, 0, 0, 0, 0, 0, 0, 0, 0, 0, 0, 0, 6, 0, 0, 0, 0, 0, 0, 
1218泰山, 478, 38, 0, 2, 3, 16, 17, 0, 0, 0, 0, 0, 0, 0, 68, 13, 0, 0, 3, 9, 1, 32, 4, 0, 0, 0, 0, 4, 42, 2, 0, 0, 0, 2, 0, 16, 1, 0, 0, 0, 0, 1, 46, 3, 0, 0, 0, 1, 2, 96, 11, 0, 0, 0, 4, 7, 10, 0, 0, 0, 0, 0, 0, 35, 0, 0, 0, 0, 0, 0, 30, 2, 0, 0, 0, 0, 2, 18, 0, 0, 0, 0, 0, 0, 61, 0, 0, 0, 0, 0, 0, 11, 2, 0, 2, 0, 0, 0, 7, 0, 0, 0, 0, 0, 0, 0, 0, 0, 0, 0, 0, 0, 6, 0, 0, 0, 0, 0, 0, 
1442名軒, 355, 33, 0, 3, 1, 18, 11, 0, 0, 0, 0, 0, 0, 0, 72, 17, 0, 0, 1, 10, 6, 8, 1, 0, 0, 0, 0, 1, 56, 2, 0, 0, 0, 2, 0, 11, 1, 0, 0, 0, 0, 1, 9, 1, 0, 0, 0, 0, 1, 9, 0, 0, 0, 0, 0, 0, 10, 0, 0, 0, 0, 0, 0, 19, 0, 0, 0, 0, 0, 0, 10, 1, 0, 0, 0, 0, 1, 11, 0, 0, 0, 0, 0, 0, 12, 0, 0, 0, 0, 0, 0, 117, 10, 0, 3, 0, 6, 1, 7, 0, 0, 0, 0, 0, 0, 0, 0, 0, 0, 0, 0, 0, 4, 0, 0, 0, 0, 0, 0, 
2038海光, 341, 29, 1, 1, 1, 16, 10, 6, 0, 0, 0, 0, 0, 0, 95, 15, 0, 0, 1, 10, 4, 12, 1, 0, 0, 0, 0, 1, 47, 3, 0, 0, 0, 3, 0, 29, 2, 0, 0, 0, 1, 1, 10, 1, 0, 0, 0, 0, 1, 8, 0, 0, 0, 0, 0, 0, 11, 0, 0, 0, 0, 0, 0, 20, 0, 0, 0, 0, 0, 0, 10, 1, 0, 0, 0, 0, 1, 11, 0, 0, 0, 0, 0, 0, 66, 5, 1, 0, 0, 2, 2, 5, 1, 0, 1, 0, 0, 0, 7, 0, 0, 0, 0, 0, 0, 0, 0, 0, 0, 0, 0, 0, 4, 0, 0, 0, 0, 0, 0, 
1541錩泰, 337, 36, 0, 3, 0, 20, 13, 0, 0, 0, 0, 0, 0, 0, 38, 10, 0, 0, 0, 8, 2, 10, 1, 0, 0, 0, 0, 1, 25, 1, 0, 0, 0, 1, 0, 25, 3, 0, 0, 0, 1, 2, 80, 12, 0, 0, 0, 7, 5, 19, 3, 0, 0, 0, 3, 0, 13, 0, 0, 0, 0, 0, 0, 21, 0, 0, 0, 0, 0, 0, 9, 2, 0, 0, 0, 0, 2, 12, 0, 0, 0, 0, 0, 0, 14, 0, 0, 0, 0, 0, 0, 44, 4, 0, 3, 0, 0, 1, 5, 0, 0, 0, 0, 0, 0, 0, 0, 0, 0, 0, 0, 0, 22, 0, 0, 0, 0, 0, 0, 
9908大台北, 548, 49, 0, 10, 2, 22, 15, 75, 6, 0, 5, 0, 1, 0, 26, 6, 0, 0, 0, 4, 2, 12, 1, 0, 0, 0, 0, 1, 51, 3, 0, 0, 0, 3, 0, 10, 1, 0, 0, 0, 0, 1, 68, 8, 0, 0, 2, 4, 2, 91, 10, 0, 0, 0, 5, 5, 46, 6, 0, 2, 0, 3, 1, 34, 0, 0, 0, 0, 0, 0, 10, 1, 0, 0, 0, 0, 1, 10, 0, 0, 0, 0, 0, 0, 96, 6, 0, 2, 0, 2, 2, 6, 1, 0, 1, 0, 0, 0, 8, 0, 0, 0, 0, 0, 0, 0, 0, 0, 0, 0, 0, 0, 5, 0, 0, 0, 0, 0, 0, 
8110華東, 693, 79, 0, 4, 1, 39, 35, 0, 0, 0, 0, 0, 0, 0, 120, 20, 0, 0, 1, 14, 5, 49, 8, 0, 0, 0, 1, 7, 128, 11, 0, 1, 0, 8, 2, 71, 14, 0, 0, 0, 4, 10, 73, 10, 0, 0, 0, 6, 4, 54, 5, 0, 0, 0, 2, 3, 19, 0, 0, 0, 0, 0, 0, 19, 0, 0, 0, 0, 0, 0, 17, 2, 0, 0, 0, 0, 2, 18, 0, 0, 0, 0, 0, 0, 42, 0, 0, 0, 0, 0, 0, 70, 9, 0, 3, 0, 4, 2, 7, 0, 0, 0, 0, 0, 0, 0, 0, 0, 0, 0, 0, 0, 6, 0, 0, 0, 0, 0, 0, 
2032新鋼, 602, 55, 0, 8, 1, 22, 24, 0, 0, 0, 0, 0, 0, 0, 0, 0, 0, 0, 0, 0, 0, 40, 7, 0, 0, 0, 3, 4, 64, 4, 0, 0, 0, 4, 0, 9, 1, 0, 0, 0, 0, 1, 52, 5, 0, 0, 0, 1, 4, 187, 20, 0, 2, 0, 7, 11, 38, 1, 0, 1, 0, 0, 0, 17, 0, 0, 0, 0, 0, 0, 11, 2, 0, 0, 0, 0, 2, 37, 0, 0, 0, 0, 0, 0, 54, 2, 0, 0, 0, 1, 1, 82, 13, 0, 5, 1, 6, 1, 5, 0, 0, 0, 0, 0, 0, 0, 0, 0, 0, 0, 0, 0, 6, 0, 0, 0, 0, 0, 0, 
3579尚志, 1109, 71, 2, 3, 4, 48, 14, 0, 0, 0, 0, 0, 0, 0, 290, 57, 2, 1, 4, 39, 11, 0, 0, 0, 0, 0, 0, 0, 679, 2, 0, 0, 0, 2, 0, 0, 0, 0, 0, 0, 0, 0, 56, 6, 0, 0, 0, 4, 2, 0, 0, 0, 0, 0, 0, 0, 0, 0, 0, 0, 0, 0, 0, 19, 0, 0, 0, 0, 0, 0, 0, 0, 0, 0, 0, 0, 0, 11, 0, 0, 0, 0, 0, 0, 0, 0, 0, 0, 0, 0, 0, 39, 6, 0, 2, 0, 3, 1, 8, 0, 0, 0, 0, 0, 0, 0, 0, 0, 0, 0, 0, 0, 7, 0, 0, 0, 0, 0, 0, 
1604聲寶, 652, 72, 2, 1, 6, 38, 25, 0, 0, 0, 0, 0, 0, 0, 309, 46, 2, 0, 5, 31, 8, 30, 3, 0, 0, 0, 0, 3, 55, 3, 0, 0, 0, 3, 0, 12, 2, 0, 0, 0, 0, 2, 23, 2, 0, 0, 0, 0, 2, 97, 9, 0, 0, 1, 1, 7, 11, 0, 0, 0, 0, 0, 0, 20, 0, 0, 0, 0, 0, 0, 13, 2, 0, 0, 0, 0, 2, 12, 0, 0, 0, 0, 0, 0, 15, 0, 0, 0, 0, 0, 0, 35, 5, 0, 1, 0, 3, 1, 10, 0, 0, 0, 0, 0, 0, 0, 0, 0, 0, 0, 0, 0, 10, 0, 0, 0, 0, 0, 0, 
3094聯傑, 409, 35, 0, 2, 0, 23, 10, 0, 0, 0, 0, 0, 0, 0, 170, 23, 0, 0, 0, 19, 4, 27, 5, 0, 0, 0, 2, 3, 48, 2, 0, 0, 0, 2, 0, 10, 1, 0, 0, 0, 0, 1, 9, 1, 0, 0, 0, 0, 1, 27, 1, 0, 1, 0, 0, 0, 35, 0, 0, 0, 0, 0, 0, 18, 0, 0, 0, 0, 0, 0, 10, 1, 0, 0, 0, 0, 1, 9, 0, 0, 0, 0, 0, 0, 29, 0, 0, 0, 0, 0, 0, 6, 1, 0, 1, 0, 0, 0, 6, 0, 0, 0, 0, 0, 0, 0, 0, 0, 0, 0, 0, 0, 5, 0, 0, 0, 0, 0, 0, 
1227佳格, 781, 64, 0, 7, 2, 32, 23, 210, 13, 0, 3, 1, 5, 4, 198, 18, 0, 0, 1, 16, 1, 47, 7, 0, 0, 0, 1, 6, 50, 3, 0, 0, 0, 3, 0, 10, 1, 0, 0, 0, 0, 1, 17, 2, 0, 0, 0, 0, 2, 50, 4, 0, 0, 0, 2, 2, 52, 6, 0, 1, 0, 1, 4, 20, 0, 0, 0, 0, 0, 0, 10, 1, 0, 0, 0, 0, 1, 10, 0, 0, 0, 0, 0, 0, 58, 3, 0, 1, 0, 1, 1, 36, 6, 0, 2, 0, 3, 1, 7, 0, 0, 0, 0, 0, 0, 0, 0, 0, 0, 0, 0, 0, 6, 0, 0, 0, 0, 0, 0, 
1303南亞, 1680, 131, 6, 13, 3, 66, 43, 338, 11, 0, 3, 0, 3, 5, 132, 28, 0, 0, 2, 21, 5, 15, 1, 0, 0, 0, 0, 1, 220, 11, 1, 0, 0, 10, 0, 14, 1, 0, 0, 0, 0, 1, 128, 11, 0, 0, 0, 5, 6, 179, 8, 0, 0, 0, 2, 6, 42, 1, 0, 0, 0, 1, 0, 20, 0, 0, 0, 0, 0, 0, 13, 1, 0, 0, 0, 0, 1, 10, 0, 0, 0, 0, 0, 0, 157, 15, 5, 0, 1, 2, 7, 309, 40, 0, 10, 0, 21, 9, 98, 3, 0, 0, 0, 1, 2, 0, 0, 0, 0, 0, 0, 0, 5, 0, 0, 0, 0, 0, 0, 
9918欣天然, 573, 44, 0, 10, 1, 23, 10, 82, 8, 0, 5, 0, 3, 0, 29, 4, 0, 0, 0, 3, 1, 12, 1, 0, 0, 0, 0, 1, 53, 3, 0, 0, 0, 3, 0, 25, 4, 0, 0, 0, 1, 3, 57, 9, 0, 1, 1, 6, 1, 20, 0, 0, 0, 0, 0, 0, 26, 0, 0, 0, 0, 0, 0, 19, 0, 0, 0, 0, 0, 0, 10, 1, 0, 0, 0, 0, 1, 28, 0, 0, 0, 0, 0, 0, 104, 5, 0, 2, 0, 3, 0, 93, 9, 0, 2, 0, 4, 3, 9, 0, 0, 0, 0, 0, 0, 0, 0, 0, 0, 0, 0, 0, 6, 0, 0, 0, 0, 0, 0, 
9945潤泰新, 325, 20, 0, 2, 0, 12, 6, 0, 0, 0, 0, 0, 0, 0, 66, 9, 0, 0, 0, 7, 2, 31, 2, 0, 0, 0, 1, 1, 94, 4, 0, 0, 0, 4, 0, 11, 1, 0, 0, 0, 0, 1, 10, 1, 0, 0, 0, 0, 1, 10, 0, 0, 0, 0, 0, 0, 11, 0, 0, 0, 0, 0, 0, 20, 0, 0, 0, 0, 0, 0, 11, 1, 0, 0, 0, 0, 1, 11, 0, 0, 0, 0, 0, 0, 29, 0, 0, 0, 0, 0, 0, 7, 2, 0, 2, 0, 0, 0, 9, 0, 0, 0, 0, 0, 0, 0, 0, 0, 0, 0, 0, 0, 5, 0, 0, 0, 0, 0, 0, 
2007燁興, 826, 132, 17, 4, 3, 68, 40, 0, 0, 0, 0, 0, 0, 0, 119, 19, 1, 0, 2, 10, 6, 27, 2, 0, 0, 0, 0, 2, 109, 5, 0, 1, 0, 3, 1, 11, 1, 0, 0, 0, 0, 1, 58, 13, 0, 0, 1, 6, 6, 93, 18, 0, 0, 0, 12, 6, 11, 0, 0, 0, 0, 0, 0, 19, 0, 0, 0, 0, 0, 0, 10, 1, 0, 0, 0, 0, 1, 26, 0, 0, 0, 0, 0, 0, 277, 63, 16, 0, 0, 31, 16, 54, 10, 0, 3, 0, 6, 1, 6, 0, 0, 0, 0, 0, 0, 0, 0, 0, 0, 0, 0, 0, 6, 0, 0, 0, 0, 0, 0, 
1236宏亞, 385, 51, 0, 2, 1, 25, 23, 0, 0, 0, 0, 0, 0, 0, 69, 21, 0, 0, 1, 16, 4, 24, 1, 0, 0, 0, 0, 1, 16, 1, 0, 0, 0, 1, 0, 29, 1, 0, 0, 0, 0, 1, 23, 2, 0, 0, 0, 0, 2, 69, 13, 0, 0, 0, 5, 8, 59, 7, 0, 0, 0, 1, 6, 19, 0, 0, 0, 0, 0, 0, 8, 1, 0, 0, 0, 0, 1, 8, 0, 0, 0, 0, 0, 0, 45, 3, 0, 1, 0, 2, 0, 6, 1, 0, 1, 0, 0, 0, 5, 0, 0, 0, 0, 0, 0, 0, 0, 0, 0, 0, 0, 0, 5, 0, 0, 0, 0, 0, 0, 
2424隴華, 626, 71, 0, 2, 6, 41, 22, 0, 0, 0, 0, 0, 0, 0, 260, 57, 0, 0, 6, 38, 13, 14, 1, 0, 0, 0, 0, 1, 45, 2, 0, 0, 0, 2, 0, 10, 1, 0, 0, 0, 0, 1, 40, 7, 0, 1, 0, 1, 5, 177, 1, 0, 0, 0, 0, 1, 12, 0, 0, 0, 0, 0, 0, 18, 0, 0, 0, 0, 0, 0, 10, 1, 0, 0, 0, 0, 1, 6, 0, 0, 0, 0, 0, 0, 15, 0, 0, 0, 0, 0, 0, 6, 1, 0, 1, 0, 0, 0, 7, 0, 0, 0, 0, 0, 0, 0, 0, 0, 0, 0, 0, 0, 6, 0, 0, 0, 0, 0, 0, 
1301台塑, 3236, 0, 0, 0, 0, 0, 0, 0, 0, 0, 0, 0, 0, 0, 221, 0, 0, 0, 0, 0, 0, 21, 0, 0, 0, 0, 0, 0, 322, 0, 0, 0, 0, 0, 0, 0, 0, 0, 0, 0, 0, 0, 402, 0, 0, 0, 0, 0, 0, 411, 0, 0, 0, 0, 0, 0, 64, 0, 0, 0, 0, 0, 0, 35, 0, 0, 0, 0, 0, 0, 17, 0, 0, 0, 0, 0, 0, 17, 0, 0, 0, 0, 0, 0, 254, 0, 0, 0, 0, 0, 0, 1467, 0, 0, 0, 0, 0, 0, 0, 0, 0, 0, 0, 0, 0, 0, 0, 0, 0, 0, 0, 0, 5, 0, 0, 0, 0, 0, 0, 
9904寶成, 935, 86, 0, 10, 5, 53, 18, 140, 5, 0, 5, 0, 0, 0, 264, 49, 0, 1, 3, 42, 3, 75, 8, 0, 0, 0, 2, 6, 76, 2, 0, 0, 0, 2, 0, 21, 2, 0, 0, 0, 0, 2, 39, 2, 0, 0, 0, 0, 2, 34, 2, 0, 0, 0, 1, 1, 68, 3, 0, 1, 2, 0, 0, 43, 0, 0, 0, 0, 0, 0, 20, 2, 0, 0, 0, 0, 2, 36, 0, 0, 0, 0, 0, 0, 43, 1, 0, 0, 0, 0, 1, 62, 10, 0, 3, 0, 6, 1, 9, 0, 0, 0, 0, 0, 0, 0, 0, 0, 0, 0, 0, 0, 5, 0, 0, 0, 0, 0, 0, 
2722夏都, 456, 43, 0, 3, 1, 24, 15, 0, 0, 0, 0, 0, 0, 0, 106, 17, 0, 0, 1, 11, 5, 51, 7, 0, 0, 0, 4, 3, 44, 2, 0, 0, 0, 2, 0, 16, 2, 0, 0, 0, 0, 2, 22, 3, 0, 0, 0, 1, 2, 9, 0, 0, 0, 0, 0, 0, 30, 0, 0, 0, 0, 0, 0, 33, 0, 0, 0, 0, 0, 0, 15, 2, 0, 0, 0, 0, 2, 17, 0, 0, 0, 0, 0, 0, 46, 0, 0, 0, 0, 0, 0, 55, 10, 0, 3, 0, 6, 1, 7, 0, 0, 0, 0, 0, 0, 0, 0, 0, 0, 0, 0, 0, 5, 0, 0, 0, 0, 0, 0, 
2704國賓, 1060, 104, 6, 13, 8, 49, 28, 151, 21, 0, 7, 1, 4, 9, 240, 37, 0, 0, 7, 21, 9, 61, 8, 0, 2, 0, 5, 1, 67, 8, 0, 1, 0, 7, 0, 17, 1, 0, 0, 0, 0, 1, 22, 2, 0, 0, 0, 0, 2, 8, 0, 0, 0, 0, 0, 0, 47, 1, 0, 0, 0, 1, 0, 21, 0, 0, 0, 0, 0, 0, 17, 1, 0, 0, 0, 0, 1, 12, 0, 0, 0, 0, 0, 0, 299, 16, 6, 2, 0, 7, 1, 16, 3, 0, 1, 0, 1, 1, 76, 6, 0, 0, 0, 3, 3, 0, 0, 0, 0, 0, 0, 0, 6, 0, 0, 0, 0, 0, 0, 
1321大洋, 340, 32, 0, 2, 0, 20, 10, 0, 0, 0, 0, 0, 0, 0, 56, 11, 0, 0, 0, 10, 1, 12, 1, 0, 0, 0, 0, 1, 49, 4, 0, 0, 0, 4, 0, 10, 1, 0, 0, 0, 0, 1, 10, 1, 0, 0, 0, 0, 1, 73, 4, 0, 0, 0, 0, 4, 10, 0, 0, 0, 0, 0, 0, 20, 0, 0, 0, 0, 0, 0, 10, 1, 0, 0, 0, 0, 1, 11, 0, 0, 0, 0, 0, 0, 13, 0, 0, 0, 0, 0, 0, 55, 9, 0, 2, 0, 6, 1, 7, 0, 0, 0, 0, 0, 0, 0, 0, 0, 0, 0, 0, 0, 4, 0, 0, 0, 0, 0, 0, 
2509全坤建, 404, 40, 2, 3, 0, 22, 13, 0, 0, 0, 0, 0, 0, 0, 70, 12, 0, 0, 0, 7, 5, 41, 4, 0, 0, 0, 1, 3, 71, 6, 0, 0, 0, 6, 0, 8, 1, 0, 0, 0, 0, 1, 14, 2, 0, 0, 0, 0, 2, 8, 0, 0, 0, 0, 0, 0, 25, 0, 0, 0, 0, 0, 0, 35, 0, 0, 0, 0, 0, 0, 9, 1, 0, 0, 0, 0, 1, 9, 0, 0, 0, 0, 0, 0, 46, 4, 2, 0, 0, 2, 0, 54, 10, 0, 3, 0, 6, 1, 7, 0, 0, 0, 0, 0, 0, 0, 0, 0, 0, 0, 0, 0, 7, 0, 0, 0, 0, 0, 0, 
3164景岳, 2440, 218, 0, 12, 3, 130, 73, 0, 0, 0, 0, 0, 0, 0, 252, 39, 0, 0, 1, 30, 8, 73, 6, 0, 0, 0, 1, 5, 88, 6, 0, 0, 0, 6, 0, 772, 102, 0, 2, 0, 60, 40, 180, 10, 0, 0, 0, 0, 10, 488, 17, 0, 2, 0, 13, 2, 73, 2, 0, 0, 0, 2, 0, 24, 0, 0, 0, 0, 0, 0, 22, 2, 0, 0, 0, 0, 2, 54, 1, 0, 0, 0, 0, 1, 68, 1, 0, 1, 0, 0, 0, 325, 32, 0, 7, 2, 18, 5, 14, 0, 0, 0, 0, 0, 0, 0, 0, 0, 0, 0, 0, 0, 7, 0, 0, 0, 0, 0, 0, 
2105正新, 581, 79, 0, 7, 2, 54, 16, 0, 0, 0, 0, 0, 0, 0, 213, 52, 0, 1, 2, 39, 10, 34, 2, 0, 0, 0, 0, 2, 53, 6, 0, 0, 0, 6, 0, 12, 1, 0, 0, 0, 0, 1, 12, 1, 0, 0, 0, 0, 1, 58, 2, 0, 0, 0, 2, 0, 30, 0, 0, 0, 0, 0, 0, 22, 0, 0, 0, 0, 0, 0, 13, 1, 0, 0, 0, 0, 1, 14, 0, 0, 0, 0, 0, 0, 53, 1, 0, 0, 0, 1, 0, 55, 13, 0, 6, 0, 6, 1, 6, 0, 0, 0, 0, 0, 0, 0, 0, 0, 0, 0, 0, 0, 6, 0, 0, 0, 0, 0, 0, 
2451創見, 913, 125, 0, 2, 10, 85, 28, 0, 0, 0, 0, 0, 0, 0, 320, 67, 0, 0, 5, 55, 7, 23, 2, 0, 0, 0, 0, 2, 161, 13, 0, 0, 2, 10, 1, 98, 17, 0, 0, 2, 13, 2, 11, 1, 0, 0, 0, 0, 1, 80, 8, 0, 0, 0, 4, 4, 110, 15, 0, 1, 1, 3, 10, 21, 0, 0, 0, 0, 0, 0, 14, 1, 0, 0, 0, 0, 1, 12, 0, 0, 0, 0, 0, 0, 36, 0, 0, 0, 0, 0, 0, 9, 1, 0, 1, 0, 0, 0, 9, 0, 0, 0, 0, 0, 0, 0, 0, 0, 0, 0, 0, 0, 9, 0, 0, 0, 0, 0, 0, 
4426利勤, 1121, 130, 24, 4, 1, 60, 41, 0, 0, 0, 0, 0, 0, 0, 176, 26, 0, 0, 1, 20, 5, 56, 5, 0, 0, 0, 1, 4, 63, 7, 0, 0, 0, 7, 0, 30, 4, 0, 0, 0, 2, 2, 178, 18, 0, 0, 0, 9, 9, 81, 12, 0, 0, 0, 3, 9, 25, 0, 0, 0, 0, 0, 0, 76, 0, 0, 0, 0, 0, 0, 13, 1, 0, 0, 0, 0, 1, 57, 1, 0, 0, 0, 0, 1, 49, 0, 0, 0, 0, 0, 0, 301, 56, 24, 4, 0, 18, 10, 10, 0, 0, 0, 0, 0, 0, 0, 0, 0, 0, 0, 0, 0, 6, 0, 0, 0, 0, 0, 0, 
1304台聚, 1133, 120, 1, 26, 4, 59, 30, 225, 21, 0, 5, 0, 9, 7, 169, 31, 0, 1, 1, 23, 6, 27, 2, 0, 1, 0, 0, 1, 178, 13, 1, 1, 3, 8, 0, 26, 3, 0, 1, 0, 0, 2, 41, 5, 0, 1, 0, 1, 3, 79, 12, 0, 1, 0, 8, 3, 44, 3, 0, 1, 0, 1, 1, 33, 1, 0, 1, 0, 0, 0, 24, 3, 0, 1, 0, 0, 2, 31, 1, 0, 1, 0, 0, 0, 41, 1, 0, 1, 0, 0, 0, 99, 14, 0, 5, 0, 8, 1, 15, 0, 0, 0, 0, 0, 0, 0, 0, 0, 0, 0, 0, 0, 101, 10, 0, 5, 0, 1, 4, 
1809中釉, 855, 96, 1, 5, 7, 55, 28, 0, 0, 0, 0, 0, 0, 0, 399, 61, 0, 0, 7, 40, 14, 83, 10, 0, 0, 0, 4, 6, 126, 10, 0, 1, 0, 9, 0, 9, 1, 0, 0, 0, 0, 1, 27, 3, 0, 0, 0, 1, 2, 24, 1, 0, 0, 0, 0, 1, 34, 2, 0, 0, 0, 0, 2, 28, 0, 0, 0, 0, 0, 0, 10, 1, 0, 0, 0, 0, 1, 14, 0, 0, 0, 0, 0, 0, 67, 1, 1, 0, 0, 0, 0, 27, 6, 0, 4, 0, 1, 1, 7, 0, 0, 0, 0, 0, 0, 0, 0, 0, 0, 0, 0, 0, 0, 0, 0, 0, 0, 0, 0, 
3588通嘉, 889, 101, 0, 6, 1, 58, 36, 0, 0, 0, 0, 0, 0, 0, 229, 34, 0, 0, 0, 28, 6, 84, 14, 0, 1, 0, 3, 10, 69, 4, 0, 0, 0, 4, 0, 23, 2, 0, 0, 0, 0, 2, 197, 26, 0, 0, 1, 14, 11, 53, 4, 0, 0, 0, 0, 4, 52, 3, 0, 0, 0, 3, 0, 42, 0, 0, 0, 0, 0, 0, 15, 2, 0, 0, 0, 0, 2, 20, 0, 0, 0, 0, 0, 0, 39, 3, 0, 2, 0, 1, 0, 53, 9, 0, 3, 0, 5, 1, 7, 0, 0, 0, 0, 0, 0, 0, 0, 0, 0, 0, 0, 0, 6, 0, 0, 0, 0, 0, 0, 
1539巨庭, 395, 42, 0, 5, 3, 25, 9, 0, 0, 0, 0, 0, 0, 0, 94, 22, 0, 0, 3, 15, 4, 17, 1, 0, 0, 0, 0, 1, 73, 5, 0, 2, 0, 3, 0, 13, 1, 0, 0, 0, 0, 1, 12, 1, 0, 0, 0, 0, 1, 26, 1, 0, 0, 0, 1, 0, 16, 0, 0, 0, 0, 0, 0, 22, 0, 0, 0, 0, 0, 0, 13, 1, 0, 0, 0, 0, 1, 15, 0, 0, 0, 0, 0, 0, 18, 0, 0, 0, 0, 0, 0, 64, 10, 0, 3, 0, 6, 1, 6, 0, 0, 0, 0, 0, 0, 0, 0, 0, 0, 0, 0, 0, 6, 0, 0, 0, 0, 0, 0, 
2915潤泰全, 357, 42, 0, 2, 1, 27, 12, 0, 0, 0, 0, 0, 0, 0, 146, 30, 0, 0, 1, 21, 8, 12, 1, 0, 0, 0, 0, 1, 64, 6, 0, 0, 0, 6, 0, 9, 1, 0, 0, 0, 0, 1, 8, 1, 0, 0, 0, 0, 1, 13, 0, 0, 0, 0, 0, 0, 11, 0, 0, 0, 0, 0, 0, 17, 0, 0, 0, 0, 0, 0, 8, 1, 0, 0, 0, 0, 1, 10, 0, 0, 0, 0, 0, 0, 42, 1, 0, 1, 0, 0, 0, 6, 1, 0, 1, 0, 0, 0, 6, 0, 0, 0, 0, 0, 0, 0, 0, 0, 0, 0, 0, 0, 5, 0, 0, 0, 0, 0, 0, 
2546根基, 924, 83, 0, 17, 10, 38, 18, 176, 9, 0, 8, 1, 0, 0, 89, 19, 0, 0, 5, 11, 3, 39, 5, 0, 0, 0, 2, 3, 42, 2, 0, 0, 0, 2, 0, 11, 1, 0, 0, 0, 0, 1, 34, 3, 0, 0, 1, 0, 2, 61, 5, 0, 0, 0, 1, 4, 22, 0, 0, 0, 0, 0, 0, 19, 0, 0, 0, 0, 0, 0, 10, 1, 0, 0, 0, 0, 1, 11, 0, 0, 0, 0, 0, 0, 36, 0, 0, 0, 0, 0, 0, 368, 38, 0, 9, 3, 22, 4, 6, 0, 0, 0, 0, 0, 0, 0, 0, 0, 0, 0, 0, 0, 0, 0, 0, 0, 0, 0, 0, 
1231聯華食品, 557, 59, 1, 3, 4, 33, 18, 0, 0, 0, 0, 0, 0, 0, 179, 33, 0, 0, 4, 24, 5, 11, 1, 0, 0, 0, 0, 1, 76, 5, 0, 2, 0, 3, 0, 20, 5, 0, 0, 0, 1, 4, 24, 2, 0, 0, 0, 0, 2, 58, 3, 0, 0, 0, 0, 3, 10, 0, 0, 0, 0, 0, 0, 20, 0, 0, 0, 0, 0, 0, 10, 1, 0, 0, 0, 0, 1, 11, 0, 0, 0, 0, 0, 0, 88, 4, 1, 0, 0, 2, 1, 36, 5, 0, 1, 0, 3, 1, 8, 0, 0, 0, 0, 0, 0, 0, 0, 0, 0, 0, 0, 0, 6, 0, 0, 0, 0, 0, 0, 
1521大億, 915, 86, 1, 5, 4, 51, 25, 0, 0, 0, 0, 0, 0, 0, 364, 43, 1, 0, 4, 30, 8, 37, 4, 0, 0, 0, 1, 3, 153, 10, 0, 2, 0, 8, 0, 13, 2, 0, 0, 0, 0, 2, 11, 1, 0, 0, 0, 0, 1, 131, 14, 0, 0, 0, 6, 8, 34, 0, 0, 0, 0, 0, 0, 44, 0, 0, 0, 0, 0, 0, 13, 2, 0, 0, 0, 0, 2, 14, 0, 0, 0, 0, 0, 0, 32, 0, 0, 0, 0, 0, 0, 55, 10, 0, 3, 0, 6, 1, 8, 0, 0, 0, 0, 0, 0, 0, 0, 0, 0, 0, 0, 0, 6, 0, 0, 0, 0, 0, 0, 
2506太設, 2731, 130, 3, 49, 9, 49, 20, 359, 7, 0, 1, 1, 2, 3, 175, 21, 3, 0, 3, 13, 2, 50, 4, 0, 0, 0, 3, 1, 56, 3, 0, 0, 0, 3, 0, 26, 3, 0, 0, 0, 1, 2, 40, 4, 0, 1, 0, 0, 3, 58, 2, 0, 0, 1, 1, 0, 61, 4, 0, 0, 1, 1, 2, 65, 0, 0, 0, 0, 0, 0, 11, 2, 0, 0, 0, 0, 2, 10, 0, 0, 0, 0, 0, 0, 39, 1, 0, 0, 0, 1, 0, 1775, 79, 0, 47, 3, 24, 5, 0, 0, 0, 0, 0, 0, 0, 0, 0, 0, 0, 0, 0, 0, 6, 0, 0, 0, 0, 0, 0, 
3057喬鼎, 1343, 149, 0, 2, 7, 84, 56, 0, 0, 0, 0, 0, 0, 0, 358, 57, 0, 1, 5, 42, 9, 170, 10, 0, 0, 0, 3, 7, 196, 38, 0, 0, 2, 35, 1, 11, 1, 0, 0, 0, 0, 1, 59, 3, 0, 0, 0, 0, 3, 257, 24, 0, 0, 0, 4, 20, 120, 5, 0, 0, 0, 0, 5, 17, 0, 0, 0, 0, 0, 0, 58, 6, 0, 0, 0, 0, 6, 10, 0, 0, 0, 0, 0, 0, 13, 0, 0, 0, 0, 0, 0, 60, 5, 0, 1, 0, 0, 4, 8, 0, 0, 0, 0, 0, 0, 0, 0, 0, 0, 0, 0, 0, 6, 0, 0, 0, 0, 0, 0, 
3052夆典, 396, 30, 0, 5, 2, 16, 7, 0, 0, 0, 0, 0, 0, 0, 83, 11, 0, 0, 2, 8, 1, 13, 1, 0, 0, 0, 0, 1, 69, 5, 0, 0, 0, 5, 0, 9, 1, 0, 0, 0, 0, 1, 46, 4, 0, 0, 0, 1, 3, 8, 0, 0, 0, 0, 0, 0, 11, 0, 0, 0, 0, 0, 0, 18, 0, 0, 0, 0, 0, 0, 8, 1, 0, 0, 0, 0, 1, 10, 0, 0, 0, 0, 0, 0, 68, 0, 0, 0, 0, 0, 0, 41, 7, 0, 5, 0, 2, 0, 7, 0, 0, 0, 0, 0, 0, 0, 0, 0, 0, 0, 0, 0, 5, 0, 0, 0, 0, 0, 0, 
1449佳和, 2453, 254, 0, 20, 9, 86, 139, 2041, 236, 0, 17, 9, 79, 131, 0, 0, 0, 0, 0, 0, 0, 24, 1, 0, 0, 0, 0, 1, 0, 0, 0, 0, 0, 0, 0, 10, 1, 0, 0, 0, 0, 1, 9, 1, 0, 0, 0, 0, 1, 241, 4, 0, 0, 0, 1, 3, 11, 0, 0, 0, 0, 0, 0, 19, 0, 0, 0, 0, 0, 0, 10, 1, 0, 0, 0, 0, 1, 10, 0, 0, 0, 0, 0, 0, 13, 0, 0, 0, 0, 0, 0, 53, 10, 0, 3, 0, 6, 1, 7, 0, 0, 0, 0, 0, 0, 0, 0, 0, 0, 0, 0, 0, 5, 0, 0, 0, 0, 0, 0, 
1453大將, 303, 37, 0, 3, 2, 20, 12, 0, 0, 0, 0, 0, 0, 0, 114, 29, 0, 1, 2, 19, 7, 38, 1, 0, 0, 0, 0, 1, 23, 1, 0, 0, 0, 1, 0, 9, 1, 0, 0, 0, 0, 1, 12, 2, 0, 0, 0, 0, 2, 24, 0, 0, 0, 0, 0, 0, 12, 0, 0, 0, 0, 0, 0, 18, 0, 0, 0, 0, 0, 0, 9, 1, 0, 0, 0, 0, 1, 10, 0, 0, 0, 0, 0, 0, 13, 0, 0, 0, 0, 0, 0, 7, 2, 0, 2, 0, 0, 0, 8, 0, 0, 0, 0, 0, 0, 0, 0, 0, 0, 0, 0, 0, 6, 0, 0, 0, 0, 0, 0, 
6235華孚, 711, 61, 0, 4, 4, 37, 16, 127, 9, 0, 3, 0, 3, 3, 203, 33, 0, 0, 4, 24, 5, 28, 2, 0, 0, 0, 0, 2, 120, 9, 0, 0, 0, 9, 0, 16, 1, 0, 0, 0, 0, 1, 51, 3, 0, 0, 0, 1, 2, 9, 0, 0, 0, 0, 0, 0, 22, 0, 0, 0, 0, 0, 0, 38, 1, 0, 0, 0, 0, 1, 24, 2, 0, 0, 0, 0, 2, 16, 0, 0, 0, 0, 0, 0, 33, 0, 0, 0, 0, 0, 0, 11, 1, 0, 1, 0, 0, 0, 8, 0, 0, 0, 0, 0, 0, 0, 0, 0, 0, 0, 0, 0, 5, 0, 0, 0, 0, 0, 0, 
1323永裕, 867, 89, 0, 6, 4, 52, 27, 0, 0, 0, 0, 0, 0, 0, 322, 41, 0, 1, 4, 31, 5, 49, 6, 0, 0, 0, 2, 4, 68, 5, 0, 1, 0, 4, 0, 9, 1, 0, 0, 0, 0, 1, 73, 10, 0, 0, 0, 5, 5, 125, 14, 0, 0, 0, 4, 10, 27, 1, 0, 1, 0, 0, 0, 19, 0, 0, 0, 0, 0, 0, 10, 1, 0, 0, 0, 0, 1, 11, 0, 0, 0, 0, 0, 0, 69, 0, 0, 0, 0, 0, 0, 55, 10, 0, 3, 0, 6, 1, 8, 0, 0, 0, 0, 0, 0, 0, 0, 0, 0, 0, 0, 0, 22, 0, 0, 0, 0, 0, 0, 
1527鑽全, 546, 49, 0, 4, 2, 28, 15, 0, 0, 0, 0, 0, 0, 0, 118, 18, 0, 0, 2, 15, 1, 23, 2, 0, 0, 0, 0, 2, 59, 3, 0, 0, 0, 3, 0, 17, 2, 0, 0, 0, 0, 2, 53, 3, 0, 0, 0, 0, 3, 65, 4, 0, 0, 0, 1, 3, 34, 2, 0, 0, 0, 1, 1, 24, 0, 0, 0, 0, 0, 0, 16, 2, 0, 0, 0, 0, 2, 18, 0, 0, 0, 0, 0, 0, 47, 3, 0, 1, 0, 2, 0, 58, 10, 0, 3, 0, 6, 1, 7, 0, 0, 0, 0, 0, 0, 0, 0, 0, 0, 0, 0, 0, 7, 0, 0, 0, 0, 0, 0, 
1305華夏, 1639, 154, 12, 13, 9, 72, 48, 229, 19, 0, 4, 0, 9, 6, 170, 31, 0, 0, 2, 24, 5, 94, 10, 0, 1, 0, 4, 5, 181, 14, 1, 0, 2, 11, 0, 15, 2, 0, 0, 0, 0, 2, 49, 5, 0, 0, 1, 1, 3, 134, 10, 0, 0, 1, 2, 7, 28, 0, 0, 0, 0, 0, 0, 39, 0, 0, 0, 0, 0, 0, 14, 2, 0, 0, 0, 0, 2, 18, 0, 0, 0, 0, 0, 0, 460, 38, 11, 3, 3, 8, 13, 80, 12, 0, 3, 0, 8, 1, 40, 1, 0, 1, 0, 0, 0, 0, 0, 0, 0, 0, 0, 0, 88, 10, 0, 1, 0, 5, 4, 
9924福興, 668, 83, 0, 5, 4, 53, 21, 0, 0, 0, 0, 0, 0, 0, 226, 39, 0, 1, 4, 27, 7, 47, 7, 0, 1, 0, 4, 2, 88, 16, 0, 0, 0, 16, 0, 12, 1, 0, 0, 0, 0, 1, 12, 1, 0, 0, 0, 0, 1, 97, 11, 0, 1, 0, 2, 8, 33, 0, 0, 0, 0, 0, 0, 20, 0, 0, 0, 0, 0, 0, 10, 1, 0, 0, 0, 0, 1, 12, 0, 0, 0, 0, 0, 0, 50, 1, 0, 0, 0, 1, 0, 46, 6, 0, 2, 0, 3, 1, 9, 0, 0, 0, 0, 0, 0, 0, 0, 0, 0, 0, 0, 0, 6, 0, 0, 0, 0, 0, 0, 
2017官田鋼, 782, 71, 0, 9, 7, 40, 15, 82, 4, 0, 1, 0, 0, 3, 120, 27, 0, 0, 7, 18, 2, 11, 1, 0, 0, 0, 0, 1, 121, 12, 0, 1, 0, 11, 0, 10, 1, 0, 0, 0, 0, 1, 9, 1, 0, 0, 0, 0, 1, 32, 2, 0, 0, 0, 1, 1, 11, 0, 0, 0, 0, 0, 0, 19, 0, 0, 0, 0, 0, 0, 9, 1, 0, 0, 0, 0, 1, 10, 0, 0, 0, 0, 0, 0, 13, 0, 0, 0, 0, 0, 0, 238, 18, 0, 6, 0, 10, 2, 8, 0, 0, 0, 0, 0, 0, 0, 0, 0, 0, 0, 0, 0, 89, 4, 0, 1, 0, 0, 3, 
2527宏璟, 333, 25, 0, 4, 0, 12, 9, 0, 0, 0, 0, 0, 0, 0, 72, 12, 0, 0, 0, 8, 4, 11, 1, 0, 0, 0, 0, 1, 60, 4, 0, 0, 0, 4, 0, 9, 1, 0, 0, 0, 0, 1, 9, 1, 0, 0, 0, 0, 1, 10, 0, 0, 0, 0, 0, 0, 21, 0, 0, 0, 0, 0, 0, 36, 0, 0, 0, 0, 0, 0, 13, 2, 0, 0, 0, 0, 2, 10, 0, 0, 0, 0, 0, 0, 42, 0, 0, 0, 0, 0, 0, 28, 4, 0, 4, 0, 0, 0, 7, 0, 0, 0, 0, 0, 0, 0, 0, 0, 0, 0, 0, 0, 5, 0, 0, 0, 0, 0, 0, 
2616山隆, 482, 39, 0, 4, 2, 23, 10, 0, 0, 0, 0, 0, 0, 0, 14, 3, 0, 0, 0, 2, 1, 43, 8, 0, 0, 0, 4, 4, 36, 2, 0, 0, 0, 2, 0, 8, 1, 0, 0, 0, 0, 1, 8, 1, 0, 0, 0, 0, 1, 16, 0, 0, 0, 0, 0, 0, 28, 1, 0, 1, 0, 0, 0, 36, 0, 0, 0, 0, 0, 0, 9, 1, 0, 0, 0, 0, 1, 12, 0, 0, 0, 0, 0, 0, 23, 1, 0, 0, 0, 1, 0, 20, 2, 0, 2, 0, 0, 0, 6, 0, 0, 0, 0, 0, 0, 0, 0, 0, 0, 0, 0, 0, 223, 19, 0, 1, 2, 14, 2, 
2535達欣工, 973, 112, 0, 24, 7, 49, 32, 0, 0, 0, 0, 0, 0, 0, 98, 17, 0, 0, 3, 9, 5, 11, 1, 0, 0, 0, 0, 1, 56, 3, 0, 0, 0, 3, 0, 11, 1, 0, 0, 0, 0, 1, 33, 3, 0, 0, 0, 0, 3, 236, 20, 0, 1, 0, 6, 13, 10, 0, 0, 0, 0, 0, 0, 20, 0, 0, 0, 0, 0, 0, 12, 1, 0, 0, 0, 0, 1, 12, 0, 0, 0, 0, 0, 0, 12, 0, 0, 0, 0, 0, 0, 449, 66, 0, 23, 4, 31, 8, 7, 0, 0, 0, 0, 0, 0, 0, 0, 0, 0, 0, 0, 0, 6, 0, 0, 0, 0, 0, 0, 
1476儒鴻, 796, 76, 0, 5, 3, 38, 30, 0, 0, 0, 0, 0, 0, 0, 111, 19, 0, 0, 2, 15, 2, 10, 1, 0, 0, 0, 0, 1, 103, 7, 0, 0, 1, 6, 0, 13, 1, 0, 0, 0, 0, 1, 75, 5, 0, 0, 0, 2, 3, 347, 33, 0, 3, 0, 9, 21, 11, 0, 0, 0, 0, 0, 0, 22, 0, 0, 0, 0, 0, 0, 13, 1, 0, 0, 0, 0, 1, 11, 0, 0, 0, 0, 0, 0, 13, 0, 0, 0, 0, 0, 0, 52, 9, 0, 2, 0, 6, 1, 9, 0, 0, 0, 0, 0, 0, 0, 0, 0, 0, 0, 0, 0, 6, 0, 0, 0, 0, 0, 0, 
8404F-百和, 1180, 116, 0, 11, 3, 60, 42, 0, 0, 0, 0, 0, 0, 0, 194, 37, 0, 0, 2, 28, 7, 55, 4, 0, 0, 0, 0, 4, 217, 24, 0, 2, 0, 22, 0, 38, 2, 0, 0, 0, 0, 2, 92, 11, 0, 0, 0, 2, 9, 123, 13, 0, 0, 1, 3, 9, 29, 2, 0, 1, 0, 0, 1, 110, 4, 0, 1, 0, 0, 3, 10, 1, 0, 0, 0, 0, 1, 47, 0, 0, 0, 0, 0, 0, 51, 0, 0, 0, 0, 0, 0, 200, 18, 0, 7, 0, 5, 6, 9, 0, 0, 0, 0, 0, 0, 0, 0, 0, 0, 0, 0, 0, 5, 0, 0, 0, 0, 0, 0, 
8411F-福貞, 2893, 339, 59, 34, 23, 132, 91, 0, 0, 0, 0, 0, 0, 0, 118, 27, 0, 0, 3, 16, 8, 46, 7, 0, 0, 0, 3, 4, 95, 12, 0, 0, 1, 8, 3, 47, 11, 0, 0, 0, 3, 8, 85, 11, 0, 0, 2, 3, 6, 33, 7, 0, 0, 0, 3, 4, 54, 4, 0, 0, 0, 1, 3, 19, 0, 0, 0, 0, 0, 0, 10, 1, 0, 0, 0, 0, 1, 10, 0, 0, 0, 0, 0, 0, 53, 5, 0, 0, 0, 3, 2, 14, 4, 0, 2, 0, 1, 1, 2303, 250, 59, 32, 17, 91, 51, 0, 0, 0, 0, 0, 0, 0, 6, 0, 0, 0, 0, 0, 0, 
2109華豐, 1022, 31, 0, 3, 0, 15, 13, 0, 0, 0, 0, 0, 0, 0, 663, 0, 0, 0, 0, 0, 0, 10, 1, 0, 0, 0, 0, 1, 64, 7, 0, 0, 0, 6, 1, 9, 1, 0, 0, 0, 0, 1, 68, 11, 0, 0, 0, 4, 7, 33, 3, 0, 1, 0, 2, 0, 27, 0, 0, 0, 0, 0, 0, 19, 0, 0, 0, 0, 0, 0, 10, 1, 0, 0, 0, 0, 1, 32, 0, 0, 0, 0, 0, 0, 14, 0, 0, 0, 0, 0, 0, 60, 7, 0, 2, 0, 3, 2, 9, 0, 0, 0, 0, 0, 0, 0, 0, 0, 0, 0, 0, 0, 4, 0, 0, 0, 0, 0, 0, 
9926新海, 410, 42, 0, 6, 1, 20, 15, 0, 0, 0, 0, 0, 0, 0, 40, 10, 0, 0, 0, 8, 2, 43, 5, 0, 1, 0, 2, 2, 38, 2, 0, 0, 0, 2, 0, 30, 3, 0, 0, 0, 1, 2, 43, 5, 0, 0, 1, 3, 1, 32, 5, 0, 1, 0, 1, 3, 34, 4, 0, 2, 0, 1, 1, 26, 1, 0, 0, 0, 0, 1, 16, 2, 0, 0, 0, 0, 2, 29, 0, 0, 0, 0, 0, 0, 34, 1, 0, 0, 0, 0, 1, 34, 4, 0, 2, 0, 2, 0, 5, 0, 0, 0, 0, 0, 0, 0, 0, 0, 0, 0, 0, 0, 6, 0, 0, 0, 0, 0, 0, 
3519綠能, 1225, 135, 0, 5, 12, 83, 35, 0, 0, 0, 0, 0, 0, 0, 379, 76, 0, 2, 12, 54, 8, 52, 3, 0, 0, 0, 0, 3, 164, 9, 0, 0, 0, 6, 3, 81, 6, 0, 0, 0, 2, 4, 63, 5, 0, 0, 0, 1, 4, 309, 27, 0, 0, 0, 16, 11, 21, 0, 0, 0, 0, 0, 0, 39, 0, 0, 0, 0, 0, 0, 10, 1, 0, 0, 0, 0, 1, 12, 0, 0, 0, 0, 0, 0, 40, 2, 0, 1, 0, 1, 0, 40, 6, 0, 2, 0, 3, 1, 8, 0, 0, 0, 0, 0, 0, 0, 0, 0, 0, 0, 0, 0, 7, 0, 0, 0, 0, 0, 0, 
2442新美齊, 390, 31, 0, 7, 0, 16, 8, 0, 0, 0, 0, 0, 0, 0, 50, 8, 0, 0, 0, 7, 1, 11, 1, 0, 0, 0, 0, 1, 67, 5, 0, 2, 0, 3, 0, 10, 1, 0, 0, 0, 0, 1, 9, 1, 0, 0, 0, 0, 1, 90, 2, 0, 1, 0, 0, 1, 10, 0, 0, 0, 0, 0, 0, 18, 0, 0, 0, 0, 0, 0, 10, 1, 0, 0, 0, 0, 1, 10, 0, 0, 0, 0, 0, 0, 11, 0, 0, 0, 0, 0, 0, 81, 12, 0, 4, 0, 6, 2, 7, 0, 0, 0, 0, 0, 0, 0, 0, 0, 0, 0, 0, 0, 6, 0, 0, 0, 0, 0, 0, 
1717長興, 591, 76, 0, 9, 8, 38, 21, 0, 0, 0, 0, 0, 0, 0, 62, 11, 0, 0, 2, 6, 3, 45, 8, 0, 0, 0, 3, 5, 49, 5, 0, 0, 0, 5, 0, 28, 7, 0, 0, 1, 4, 2, 28, 5, 0, 0, 0, 2, 3, 72, 6, 0, 0, 0, 5, 1, 29, 3, 0, 0, 2, 1, 0, 26, 0, 0, 0, 0, 0, 0, 13, 2, 0, 0, 0, 0, 2, 20, 0, 0, 0, 0, 0, 0, 40, 1, 0, 1, 0, 0, 0, 166, 28, 0, 8, 3, 12, 5, 7, 0, 0, 0, 0, 0, 0, 0, 0, 0, 0, 0, 0, 0, 6, 0, 0, 0, 0, 0, 0, 
2448晶電, 691, 47, 0, 4, 1, 20, 22, 0, 0, 0, 0, 0, 0, 0, 162, 15, 0, 1, 1, 11, 2, 46, 7, 0, 0, 0, 2, 5, 58, 1, 0, 0, 0, 1, 0, 40, 4, 0, 0, 0, 1, 3, 61, 4, 0, 0, 0, 0, 4, 78, 5, 0, 0, 0, 0, 5, 11, 0, 0, 0, 0, 0, 0, 18, 0, 0, 0, 0, 0, 0, 15, 2, 0, 0, 0, 0, 2, 10, 0, 0, 0, 0, 0, 0, 127, 0, 0, 0, 0, 0, 0, 53, 9, 0, 3, 0, 5, 1, 7, 0, 0, 0, 0, 0, 0, 0, 0, 0, 0, 0, 0, 0, 5, 0, 0, 0, 0, 0, 0, 
2324仁寶, 1170, 112, 5, 5, 6, 54, 42, 0, 0, 0, 0, 0, 0, 0, 457, 44, 5, 0, 3, 29, 7, 94, 19, 0, 0, 0, 3, 16, 181, 16, 0, 0, 3, 13, 0, 9, 1, 0, 0, 0, 0, 1, 9, 1, 0, 0, 0, 0, 1, 107, 14, 0, 0, 0, 3, 11, 92, 3, 0, 2, 0, 0, 1, 18, 0, 0, 0, 0, 0, 0, 10, 1, 0, 0, 0, 0, 1, 10, 0, 0, 0, 0, 0, 0, 40, 0, 0, 0, 0, 0, 0, 59, 9, 0, 3, 0, 4, 2, 80, 4, 0, 0, 0, 2, 2, 0, 0, 0, 0, 0, 0, 0, 4, 0, 0, 0, 0, 0, 0, 
2514龍邦, 1008, 80, 0, 10, 7, 49, 14, 0, 0, 0, 0, 0, 0, 0, 81, 14, 0, 0, 1, 9, 4, 32, 1, 0, 0, 0, 0, 1, 67, 5, 0, 0, 0, 4, 1, 14, 2, 0, 0, 0, 0, 2, 23, 2, 0, 0, 0, 0, 2, 32, 1, 0, 0, 0, 0, 1, 25, 0, 0, 0, 0, 0, 0, 19, 0, 0, 0, 0, 0, 0, 19, 2, 0, 0, 0, 0, 2, 12, 0, 0, 0, 0, 0, 0, 36, 0, 0, 0, 0, 0, 0, 638, 53, 0, 10, 6, 36, 1, 6, 0, 0, 0, 0, 0, 0, 0, 0, 0, 0, 0, 0, 0, 4, 0, 0, 0, 0, 0, 0, 
1806冠軍, 368, 35, 0, 1, 4, 20, 10, 0, 0, 0, 0, 0, 0, 0, 14, 3, 0, 0, 0, 2, 1, 13, 1, 0, 0, 0, 0, 1, 152, 21, 0, 0, 4, 17, 0, 11, 1, 0, 0, 0, 0, 1, 10, 1, 0, 0, 0, 0, 1, 67, 6, 0, 0, 0, 1, 5, 10, 0, 0, 0, 0, 0, 0, 20, 0, 0, 0, 0, 0, 0, 11, 1, 0, 0, 0, 0, 1, 10, 0, 0, 0, 0, 0, 0, 28, 0, 0, 0, 0, 0, 0, 5, 1, 0, 1, 0, 0, 0, 9, 0, 0, 0, 0, 0, 0, 0, 0, 0, 0, 0, 0, 0, 8, 0, 0, 0, 0, 0, 0, 
1464得力, 612, 65, 0, 8, 4, 37, 16, 0, 0, 0, 0, 0, 0, 0, 104, 23, 0, 0, 4, 15, 4, 12, 1, 0, 0, 0, 0, 1, 121, 13, 0, 2, 0, 8, 3, 9, 1, 0, 0, 0, 0, 1, 9, 1, 0, 0, 0, 0, 1, 30, 2, 0, 0, 0, 1, 1, 3, 0, 0, 0, 0, 0, 0, 18, 0, 0, 0, 0, 0, 0, 9, 1, 0, 0, 0, 0, 1, 10, 0, 0, 0, 0, 0, 0, 31, 0, 0, 0, 0, 0, 0, 54, 12, 0, 5, 0, 6, 1, 7, 0, 0, 0, 0, 0, 0, 0, 0, 0, 0, 0, 0, 0, 195, 11, 0, 1, 0, 7, 3, 
2228劍麟, 538, 56, 0, 5, 2, 31, 18, 0, 0, 0, 0, 0, 0, 0, 100, 21, 0, 0, 2, 13, 6, 22, 2, 0, 0, 0, 0, 2, 66, 6, 0, 0, 0, 6, 0, 40, 7, 0, 0, 0, 6, 1, 87, 5, 0, 1, 0, 0, 4, 43, 3, 0, 0, 0, 0, 3, 31, 0, 0, 0, 0, 0, 0, 22, 0, 0, 0, 0, 0, 0, 13, 1, 0, 0, 0, 0, 1, 12, 0, 0, 0, 0, 0, 0, 24, 0, 0, 0, 0, 0, 0, 62, 11, 0, 4, 0, 6, 1, 9, 0, 0, 0, 0, 0, 0, 0, 0, 0, 0, 0, 0, 0, 7, 0, 0, 0, 0, 0, 0, 
3189景碩, 741, 93, 6, 3, 4, 52, 28, 0, 0, 0, 0, 0, 0, 0, 287, 57, 6, 0, 4, 38, 9, 42, 4, 0, 0, 0, 0, 4, 67, 3, 0, 0, 0, 3, 0, 14, 1, 0, 0, 0, 0, 1, 69, 8, 0, 0, 0, 3, 5, 67, 9, 0, 1, 0, 1, 7, 21, 0, 0, 0, 0, 0, 0, 31, 0, 0, 0, 0, 0, 0, 11, 1, 0, 0, 0, 0, 1, 10, 0, 0, 0, 0, 0, 0, 53, 1, 0, 0, 0, 1, 0, 56, 9, 0, 2, 0, 6, 1, 8, 0, 0, 0, 0, 0, 0, 0, 0, 0, 0, 0, 0, 0, 5, 0, 0, 0, 0, 0, 0, 
1537廣隆, 593, 74, 0, 3, 3, 42, 26, 0, 0, 0, 0, 0, 0, 0, 162, 28, 0, 0, 2, 20, 6, 56, 13, 0, 0, 0, 5, 8, 61, 5, 0, 0, 0, 5, 0, 24, 2, 0, 0, 0, 1, 1, 73, 12, 0, 0, 0, 6, 6, 60, 5, 0, 0, 0, 2, 3, 36, 2, 0, 1, 1, 0, 0, 20, 0, 0, 0, 0, 0, 0, 11, 1, 0, 0, 0, 0, 1, 13, 0, 0, 0, 0, 0, 0, 23, 0, 0, 0, 0, 0, 0, 41, 6, 0, 2, 0, 3, 1, 8, 0, 0, 0, 0, 0, 0, 0, 0, 0, 0, 0, 0, 0, 5, 0, 0, 0, 0, 0, 0, 
8131福懋科, 605, 70, 6, 3, 4, 40, 17, 0, 0, 0, 0, 0, 0, 0, 132, 30, 0, 0, 3, 22, 5, 12, 1, 0, 0, 0, 0, 1, 122, 7, 0, 1, 0, 6, 0, 18, 5, 0, 0, 0, 3, 2, 9, 1, 0, 0, 0, 0, 1, 16, 1, 0, 0, 0, 0, 1, 39, 1, 0, 0, 0, 1, 0, 18, 0, 0, 0, 0, 0, 0, 10, 1, 0, 0, 0, 0, 1, 10, 0, 0, 0, 0, 0, 0, 148, 14, 6, 0, 1, 2, 5, 55, 9, 0, 2, 0, 6, 1, 7, 0, 0, 0, 0, 0, 0, 0, 0, 0, 0, 0, 0, 0, 9, 0, 0, 0, 0, 0, 0, 
1532勤美, 1406, 135, 0, 36, 2, 54, 43, 0, 0, 0, 0, 0, 0, 0, 70, 13, 0, 0, 1, 10, 2, 14, 1, 0, 0, 0, 0, 1, 80, 8, 0, 1, 0, 7, 0, 8, 1, 0, 0, 0, 0, 1, 22, 2, 0, 0, 0, 0, 2, 87, 13, 0, 0, 0, 4, 9, 21, 0, 0, 0, 0, 0, 0, 33, 0, 0, 0, 0, 0, 0, 20, 2, 0, 0, 0, 0, 2, 27, 0, 0, 0, 0, 0, 0, 46, 0, 0, 0, 0, 0, 0, 965, 95, 0, 35, 1, 33, 26, 6, 0, 0, 0, 0, 0, 0, 0, 0, 0, 0, 0, 0, 0, 7, 0, 0, 0, 0, 0, 0, 
2612中航, 550, 57, 0, 7, 10, 30, 10, 0, 0, 0, 0, 0, 0, 0, 143, 27, 0, 0, 6, 19, 2, 80, 5, 0, 2, 0, 1, 2, 75, 5, 0, 0, 1, 3, 1, 10, 1, 0, 0, 0, 0, 1, 49, 6, 0, 0, 3, 1, 2, 8, 0, 0, 0, 0, 0, 0, 18, 0, 0, 0, 0, 0, 0, 18, 0, 0, 0, 0, 0, 0, 10, 1, 0, 0, 0, 0, 1, 13, 0, 0, 0, 0, 0, 0, 50, 1, 0, 1, 0, 0, 0, 63, 11, 0, 4, 0, 6, 1, 8, 0, 0, 0, 0, 0, 0, 0, 0, 0, 0, 0, 0, 0, 5, 0, 0, 0, 0, 0, 0, 
2201裕隆, 702, 72, 0, 5, 1, 40, 26, 0, 0, 0, 0, 0, 0, 0, 111, 26, 0, 1, 0, 24, 1, 32, 2, 0, 0, 0, 0, 2, 59, 3, 0, 0, 0, 3, 0, 16, 1, 0, 0, 0, 0, 1, 94, 13, 0, 0, 0, 2, 11, 123, 14, 0, 0, 1, 4, 9, 49, 1, 0, 0, 0, 1, 0, 46, 0, 0, 0, 0, 0, 0, 13, 1, 0, 0, 0, 0, 1, 22, 0, 0, 0, 0, 0, 0, 42, 0, 0, 0, 0, 0, 0, 85, 11, 0, 4, 0, 6, 1, 6, 0, 0, 0, 0, 0, 0, 0, 0, 0, 0, 0, 0, 0, 4, 0, 0, 0, 0, 0, 0, 
8940新天地, 916, 77, 0, 6, 8, 40, 23, 0, 0, 0, 0, 0, 0, 0, 237, 29, 0, 0, 8, 17, 4, 98, 8, 0, 0, 0, 3, 5, 64, 5, 0, 1, 0, 4, 0, 11, 1, 0, 0, 0, 0, 1, 197, 13, 0, 0, 0, 6, 7, 40, 0, 0, 0, 0, 0, 0, 62, 2, 0, 0, 0, 0, 2, 41, 0, 0, 0, 0, 0, 0, 16, 2, 0, 0, 0, 0, 2, 15, 0, 0, 0, 0, 0, 0, 24, 0, 0, 0, 0, 0, 0, 99, 17, 0, 5, 0, 10, 2, 7, 0, 0, 0, 0, 0, 0, 0, 0, 0, 0, 0, 0, 0, 5, 0, 0, 0, 0, 0, 0, 
1203味王, 922, 91, 0, 5, 6, 59, 21, 0, 0, 0, 0, 0, 0, 0, 152, 30, 0, 0, 2, 23, 5, 40, 9, 0, 0, 0, 3, 6, 110, 8, 0, 1, 1, 6, 0, 10, 1, 0, 0, 0, 0, 1, 9, 1, 0, 0, 0, 0, 1, 326, 25, 0, 0, 0, 20, 5, 39, 3, 0, 0, 3, 0, 0, 19, 0, 0, 0, 0, 0, 0, 10, 1, 0, 0, 0, 0, 1, 10, 0, 0, 0, 0, 0, 0, 35, 0, 0, 0, 0, 0, 0, 149, 13, 0, 4, 0, 7, 2, 8, 0, 0, 0, 0, 0, 0, 0, 0, 0, 0, 0, 0, 0, 5, 0, 0, 0, 0, 0, 0, 
1903士紙, 304, 29, 0, 3, 1, 16, 9, 0, 0, 0, 0, 0, 0, 0, 33, 8, 0, 0, 1, 6, 1, 22, 5, 0, 0, 0, 1, 4, 53, 3, 0, 0, 0, 3, 0, 12, 1, 0, 0, 0, 0, 1, 11, 1, 0, 0, 0, 0, 1, 29, 0, 0, 0, 0, 0, 0, 12, 0, 0, 0, 0, 0, 0, 21, 0, 0, 0, 0, 0, 0, 12, 1, 0, 0, 0, 0, 1, 14, 0, 0, 0, 0, 0, 0, 14, 0, 0, 0, 0, 0, 0, 55, 10, 0, 3, 0, 6, 1, 10, 0, 0, 0, 0, 0, 0, 0, 0, 0, 0, 0, 0, 0, 6, 0, 0, 0, 0, 0, 0, 
1444力麗, 393, 36, 0, 4, 1, 21, 10, 0, 0, 0, 0, 0, 0, 0, 71, 11, 0, 0, 0, 9, 2, 12, 1, 0, 0, 0, 0, 1, 40, 2, 0, 0, 0, 2, 0, 24, 2, 0, 0, 1, 0, 1, 59, 8, 0, 0, 0, 4, 4, 12, 0, 0, 0, 0, 0, 0, 24, 1, 0, 0, 0, 1, 0, 19, 0, 0, 0, 0, 0, 0, 10, 1, 0, 0, 0, 0, 1, 12, 0, 0, 0, 0, 0, 0, 43, 1, 0, 1, 0, 0, 0, 55, 9, 0, 3, 0, 5, 1, 7, 0, 0, 0, 0, 0, 0, 0, 0, 0, 0, 0, 0, 0, 5, 0, 0, 0, 0, 0, 0, 
1435中福, 1019, 98, 2, 3, 14, 62, 17, 0, 0, 0, 0, 0, 0, 0, 28, 3, 0, 0, 0, 3, 0, 18, 2, 0, 0, 0, 0, 2, 44, 3, 0, 0, 0, 3, 0, 9, 1, 0, 0, 0, 0, 1, 18, 2, 0, 0, 0, 0, 2, 22, 0, 0, 0, 0, 0, 0, 22, 0, 0, 0, 0, 0, 0, 28, 0, 0, 0, 0, 0, 0, 13, 2, 0, 0, 0, 0, 2, 17, 0, 0, 0, 0, 0, 0, 24, 0, 0, 0, 0, 0, 0, 12, 2, 0, 2, 0, 0, 0, 7, 0, 0, 0, 0, 0, 0, 0, 0, 0, 0, 0, 0, 0, 757, 83, 2, 1, 14, 56, 10, 
1906寶隆, 533, 27, 0, 3, 0, 15, 9, 0, 0, 0, 0, 0, 0, 0, 99, 12, 0, 0, 0, 10, 2, 17, 1, 0, 0, 0, 0, 1, 53, 2, 0, 0, 0, 2, 0, 11, 1, 0, 0, 0, 0, 1, 61, 5, 0, 1, 0, 1, 3, 9, 0, 0, 0, 0, 0, 0, 21, 0, 0, 0, 0, 0, 0, 27, 0, 0, 0, 0, 0, 0, 12, 1, 0, 0, 0, 0, 1, 20, 0, 0, 0, 0, 0, 0, 171, 4, 0, 1, 0, 2, 1, 12, 1, 0, 1, 0, 0, 0, 12, 0, 0, 0, 0, 0, 0, 0, 0, 0, 0, 0, 0, 0, 8, 0, 0, 0, 0, 0, 0, 
9931欣高, 601, 31, 0, 3, 0, 23, 5, 0, 0, 0, 0, 0, 0, 0, 31, 1, 0, 0, 0, 1, 0, 15, 1, 0, 0, 0, 0, 1, 373, 17, 0, 0, 0, 16, 1, 13, 1, 0, 0, 0, 0, 1, 13, 1, 0, 0, 0, 0, 1, 14, 0, 0, 0, 0, 0, 0, 14, 0, 0, 0, 0, 0, 0, 22, 0, 0, 0, 0, 0, 0, 4, 0, 0, 0, 0, 0, 0, 14, 0, 0, 0, 0, 0, 0, 15, 0, 0, 0, 0, 0, 0, 58, 10, 0, 3, 0, 6, 1, 10, 0, 0, 0, 0, 0, 0, 0, 0, 0, 0, 0, 0, 0, 5, 0, 0, 0, 0, 0, 0, 
1108幸福, 750, 67, 0, 5, 7, 38, 17, 0, 0, 0, 0, 0, 0, 0, 207, 37, 0, 0, 6, 26, 5, 35, 2, 0, 0, 0, 0, 2, 64, 3, 0, 0, 0, 3, 0, 11, 1, 0, 0, 0, 0, 1, 119, 7, 0, 0, 1, 3, 3, 44, 3, 0, 0, 0, 0, 3, 27, 0, 0, 0, 0, 0, 0, 18, 0, 0, 0, 0, 0, 0, 11, 1, 0, 0, 0, 0, 1, 10, 0, 0, 0, 0, 0, 0, 53, 4, 0, 0, 0, 4, 0, 6, 2, 0, 2, 0, 0, 0, 138, 7, 0, 3, 0, 2, 2, 0, 0, 0, 0, 0, 0, 0, 7, 0, 0, 0, 0, 0, 0, 
2329華泰, 380, 33, 0, 2, 2, 14, 15, 0, 0, 0, 0, 0, 0, 0, 46, 10, 0, 0, 2, 7, 1, 67, 7, 0, 0, 0, 1, 6, 67, 5, 0, 0, 0, 5, 0, 24, 4, 0, 0, 0, 0, 4, 10, 1, 0, 0, 0, 0, 1, 13, 0, 0, 0, 0, 0, 0, 53, 3, 0, 1, 0, 0, 2, 18, 0, 0, 0, 0, 0, 0, 10, 1, 0, 0, 0, 0, 1, 12, 0, 0, 0, 0, 0, 0, 39, 1, 0, 0, 0, 1, 0, 8, 1, 0, 1, 0, 0, 0, 8, 0, 0, 0, 0, 0, 0, 0, 0, 0, 0, 0, 0, 0, 5, 0, 0, 0, 0, 0, 0, 
1109信大, 939, 84, 0, 8, 3, 52, 21, 0, 0, 0, 0, 0, 0, 0, 157, 29, 0, 0, 2, 23, 4, 28, 3, 0, 0, 0, 0, 3, 69, 2, 0, 0, 0, 2, 0, 14, 2, 0, 0, 0, 0, 2, 55, 8, 0, 1, 0, 2, 5, 24, 0, 0, 0, 0, 0, 0, 20, 1, 0, 0, 0, 0, 1, 27, 0, 0, 0, 0, 0, 0, 13, 2, 0, 0, 0, 0, 2, 14, 0, 0, 0, 0, 0, 0, 32, 0, 0, 0, 0, 0, 0, 475, 37, 0, 7, 1, 25, 4, 7, 0, 0, 0, 0, 0, 0, 0, 0, 0, 0, 0, 0, 0, 4, 0, 0, 0, 0, 0, 0, 
1617榮星, 582, 84, 0, 3, 5, 53, 23, 0, 0, 0, 0, 0, 0, 0, 187, 46, 0, 0, 4, 36, 6, 33, 4, 0, 0, 0, 0, 4, 84, 12, 0, 0, 1, 11, 0, 13, 2, 0, 0, 0, 0, 2, 56, 2, 0, 0, 0, 0, 2, 35, 5, 0, 0, 0, 0, 5, 25, 2, 0, 1, 0, 0, 1, 20, 0, 0, 0, 0, 0, 0, 13, 2, 0, 0, 0, 0, 2, 12, 0, 0, 0, 0, 0, 0, 39, 0, 0, 0, 0, 0, 0, 51, 9, 0, 2, 0, 6, 1, 7, 0, 0, 0, 0, 0, 0, 0, 0, 0, 0, 0, 0, 0, 7, 0, 0, 0, 0, 0, 0, 
1710東聯, 886, 118, 0, 4, 9, 65, 40, 0, 0, 0, 0, 0, 0, 0, 162, 43, 0, 1, 3, 32, 7, 139, 10, 0, 0, 0, 3, 7, 86, 14, 0, 0, 3, 11, 0, 23, 2, 0, 0, 1, 0, 1, 52, 9, 0, 0, 0, 3, 6, 279, 33, 0, 2, 1, 15, 15, 33, 2, 0, 0, 1, 0, 1, 28, 0, 0, 0, 0, 0, 0, 17, 2, 0, 0, 0, 0, 2, 12, 0, 0, 0, 0, 0, 0, 27, 0, 0, 0, 0, 0, 0, 14, 3, 0, 1, 0, 1, 1, 5, 0, 0, 0, 0, 0, 0, 0, 0, 0, 0, 0, 0, 0, 9, 0, 0, 0, 0, 0, 0, 
2904匯僑, 399, 26, 0, 3, 1, 14, 8, 0, 0, 0, 0, 0, 0, 0, 77, 8, 0, 0, 1, 6, 1, 38, 2, 0, 0, 0, 0, 2, 46, 2, 0, 0, 0, 2, 0, 22, 2, 0, 0, 0, 0, 2, 26, 1, 0, 0, 0, 0, 1, 17, 0, 0, 0, 0, 0, 0, 29, 0, 0, 0, 0, 0, 0, 37, 0, 0, 0, 0, 0, 0, 14, 1, 0, 0, 0, 0, 1, 11, 0, 0, 0, 0, 0, 0, 15, 0, 0, 0, 0, 0, 0, 55, 10, 0, 3, 0, 6, 1, 7, 0, 0, 0, 0, 0, 0, 0, 0, 0, 0, 0, 0, 0, 5, 0, 0, 0, 0, 0, 0, 
1729必翔, 1070, 106, 1, 30, 7, 43, 25, 0, 0, 0, 0, 0, 0, 0, 66, 15, 0, 0, 1, 12, 2, 55, 4, 0, 0, 0, 0, 4, 61, 5, 0, 0, 0, 5, 0, 37, 3, 0, 0, 0, 0, 3, 55, 3, 0, 0, 0, 1, 2, 53, 5, 0, 0, 0, 2, 3, 23, 0, 0, 0, 0, 0, 0, 37, 0, 0, 0, 0, 0, 0, 30, 3, 0, 0, 0, 0, 3, 24, 0, 0, 0, 0, 0, 0, 61, 4, 1, 0, 0, 1, 2, 554, 64, 0, 30, 6, 22, 6, 8, 0, 0, 0, 0, 0, 0, 0, 0, 0, 0, 0, 0, 0, 6, 0, 0, 0, 0, 0, 0, 
1451年興, 659, 80, 3, 2, 6, 50, 19, 0, 0, 0, 0, 0, 0, 0, 88, 17, 0, 0, 4, 11, 2, 169, 20, 0, 0, 0, 12, 8, 134, 21, 0, 0, 2, 17, 2, 10, 1, 0, 0, 0, 0, 1, 40, 6, 0, 0, 0, 5, 1, 42, 5, 0, 0, 0, 3, 2, 10, 0, 0, 0, 0, 0, 0, 19, 0, 0, 0, 0, 0, 0, 10, 1, 0, 0, 0, 0, 1, 11, 0, 0, 0, 0, 0, 0, 110, 7, 3, 0, 0, 2, 2, 6, 2, 0, 2, 0, 0, 0, 6, 0, 0, 0, 0, 0, 0, 0, 0, 0, 0, 0, 0, 0, 4, 0, 0, 0, 0, 0, 0, 
1309台達, 1116, 115, 2, 8, 5, 70, 30, 239, 20, 0, 4, 0, 9, 7, 214, 42, 0, 0, 3, 31, 8, 36, 1, 0, 0, 0, 0, 1, 109, 6, 0, 0, 1, 5, 0, 10, 1, 0, 0, 0, 0, 1, 28, 3, 0, 0, 0, 1, 2, 210, 22, 0, 0, 1, 16, 5, 38, 2, 0, 0, 0, 1, 1, 18, 0, 0, 0, 0, 0, 0, 10, 1, 0, 0, 0, 0, 1, 15, 0, 0, 0, 0, 0, 0, 55, 5, 2, 1, 0, 2, 0, 56, 9, 0, 3, 0, 5, 1, 6, 0, 0, 0, 0, 0, 0, 0, 0, 0, 0, 0, 0, 0, 72, 3, 0, 0, 0, 0, 3, 
1235興泰, 400, 38, 0, 4, 0, 25, 9, 0, 0, 0, 0, 0, 0, 0, 65, 15, 0, 0, 0, 13, 2, 12, 1, 0, 0, 0, 0, 1, 41, 2, 0, 0, 0, 2, 0, 12, 1, 0, 0, 0, 0, 1, 19, 2, 0, 0, 0, 0, 2, 11, 0, 0, 0, 0, 0, 0, 13, 0, 0, 0, 0, 0, 0, 25, 0, 0, 0, 0, 0, 0, 12, 1, 0, 0, 0, 0, 1, 14, 0, 0, 0, 0, 0, 0, 14, 0, 0, 0, 0, 0, 0, 147, 16, 0, 4, 0, 10, 2, 8, 0, 0, 0, 0, 0, 0, 0, 0, 0, 0, 0, 0, 0, 7, 0, 0, 0, 0, 0, 0, 
1216統一, 1299, 149, 0, 9, 8, 82, 50, 210, 11, 0, 4, 2, 4, 1, 247, 47, 0, 0, 1, 37, 9, 128, 11, 0, 0, 0, 2, 9, 219, 30, 0, 0, 2, 26, 2, 34, 3, 0, 0, 1, 0, 2, 19, 2, 0, 0, 0, 0, 2, 124, 26, 0, 0, 0, 8, 18, 63, 4, 0, 0, 2, 1, 1, 40, 0, 0, 0, 0, 0, 0, 86, 10, 0, 0, 0, 4, 6, 35, 0, 0, 0, 0, 0, 0, 41, 0, 0, 0, 0, 0, 0, 41, 5, 0, 5, 0, 0, 0, 7, 0, 0, 0, 0, 0, 0, 0, 0, 0, 0, 0, 0, 0, 5, 0, 0, 0, 0, 0, 0, 
3474華亞科, 3472, 426, 6, 114, 18, 125, 163, 0, 0, 0, 0, 0, 0, 0, 359, 45, 0, 0, 5, 30, 10, 122, 11, 0, 0, 0, 2, 9, 67, 3, 0, 0, 0, 3, 0, 98, 19, 0, 0, 0, 12, 7, 326, 53, 0, 3, 0, 18, 32, 154, 19, 0, 0, 0, 4, 15, 20, 0, 0, 0, 0, 0, 0, 31, 0, 0, 0, 0, 0, 0, 20, 2, 0, 0, 0, 0, 2, 21, 0, 0, 0, 0, 0, 0, 158, 14, 6, 0, 1, 2, 5, 1977, 247, 0, 111, 11, 43, 82, 8, 0, 0, 0, 0, 0, 0, 0, 0, 0, 0, 0, 0, 0, 111, 13, 0, 0, 1, 11, 1, 
2542興富發, 1076, 98, 4, 14, 8, 52, 20, 307, 30, 0, 10, 1, 16, 3, 345, 37, 4, 0, 6, 20, 7, 11, 1, 0, 0, 0, 0, 1, 58, 3, 0, 0, 0, 3, 0, 37, 2, 0, 0, 0, 0, 2, 49, 6, 0, 0, 0, 3, 3, 23, 1, 0, 0, 0, 1, 0, 48, 4, 0, 0, 1, 3, 0, 53, 1, 0, 0, 0, 0, 1, 20, 2, 0, 0, 0, 0, 2, 10, 0, 0, 0, 0, 0, 0, 45, 0, 0, 0, 0, 0, 0, 62, 11, 0, 4, 0, 6, 1, 8, 0, 0, 0, 0, 0, 0, 0, 0, 0, 0, 0, 0, 0, 0, 0, 0, 0, 0, 0, 0, 
3016嘉晶, 701, 73, 0, 6, 0, 43, 24, 197, 18, 0, 5, 0, 2, 11, 211, 41, 0, 0, 0, 34, 7, 18, 1, 0, 0, 0, 0, 1, 70, 3, 0, 0, 0, 3, 0, 15, 1, 0, 0, 0, 0, 1, 15, 1, 0, 0, 0, 0, 1, 30, 2, 0, 0, 0, 1, 1, 17, 0, 0, 0, 0, 0, 0, 24, 0, 0, 0, 0, 0, 0, 16, 1, 0, 0, 0, 0, 1, 15, 0, 0, 0, 0, 0, 0, 18, 0, 0, 0, 0, 0, 0, 41, 5, 0, 1, 0, 3, 1, 7, 0, 0, 0, 0, 0, 0, 0, 0, 0, 0, 0, 0, 0, 7, 0, 0, 0, 0, 0, 0, 
1325恆大, 831, 117, 0, 3, 6, 85, 23, 0, 0, 0, 0, 0, 0, 0, 206, 43, 0, 0, 2, 34, 7, 78, 15, 0, 0, 0, 10, 5, 157, 31, 0, 1, 4, 26, 0, 38, 3, 0, 0, 0, 1, 2, 59, 4, 0, 0, 0, 3, 1, 132, 11, 0, 0, 0, 5, 6, 18, 0, 0, 0, 0, 0, 0, 20, 0, 0, 0, 0, 0, 0, 10, 1, 0, 0, 0, 0, 1, 20, 0, 0, 0, 0, 0, 0, 24, 0, 0, 0, 0, 0, 0, 56, 9, 0, 2, 0, 6, 1, 8, 0, 0, 0, 0, 0, 0, 0, 0, 0, 0, 0, 0, 0, 5, 0, 0, 0, 0, 0, 0, 
1808潤隆, 670, 62, 1, 5, 5, 29, 22, 0, 0, 0, 0, 0, 0, 0, 56, 13, 0, 0, 3, 9, 1, 48, 8, 0, 0, 0, 0, 8, 54, 3, 0, 0, 0, 3, 0, 19, 2, 0, 0, 0, 0, 2, 74, 7, 0, 1, 0, 3, 3, 47, 5, 0, 1, 0, 2, 2, 42, 2, 0, 0, 0, 2, 0, 49, 1, 0, 0, 0, 0, 1, 19, 2, 0, 0, 0, 0, 2, 51, 0, 0, 0, 0, 0, 0, 129, 10, 1, 0, 2, 6, 1, 68, 9, 0, 3, 0, 4, 2, 7, 0, 0, 0, 0, 0, 0, 0, 0, 0, 0, 0, 0, 0, 7, 0, 0, 0, 0, 0, 0, 
1410南染, 507, 49, 0, 4, 2, 26, 17, 0, 0, 0, 0, 0, 0, 0, 118, 23, 0, 0, 1, 18, 4, 23, 2, 0, 0, 0, 0, 2, 65, 5, 0, 0, 0, 5, 0, 17, 2, 0, 0, 0, 0, 2, 30, 3, 0, 0, 1, 0, 2, 110, 8, 0, 0, 0, 3, 5, 21, 0, 0, 0, 0, 0, 0, 32, 0, 0, 0, 0, 0, 0, 13, 2, 0, 0, 0, 0, 2, 28, 0, 0, 0, 0, 0, 0, 25, 0, 0, 0, 0, 0, 0, 9, 4, 0, 4, 0, 0, 0, 8, 0, 0, 0, 0, 0, 0, 0, 0, 0, 0, 0, 0, 0, 8, 0, 0, 0, 0, 0, 0, 
2358美格, 433, 40, 0, 1, 1, 16, 22, 0, 0, 0, 0, 0, 0, 0, 39, 8, 0, 0, 0, 7, 1, 39, 3, 0, 0, 0, 1, 2, 79, 4, 0, 0, 0, 4, 0, 10, 1, 0, 0, 0, 0, 1, 19, 1, 0, 0, 0, 0, 1, 25, 2, 0, 0, 0, 0, 2, 23, 0, 0, 0, 0, 0, 0, 19, 0, 0, 0, 0, 0, 0, 10, 1, 0, 0, 0, 0, 1, 11, 0, 0, 0, 0, 0, 0, 30, 0, 0, 0, 0, 0, 0, 6, 1, 0, 1, 0, 0, 0, 72, 12, 0, 0, 1, 4, 7, 0, 0, 0, 0, 0, 0, 0, 51, 7, 0, 0, 0, 0, 7, 
2006東鋼, 726, 126, 0, 5, 5, 90, 26, 0, 0, 0, 0, 0, 0, 0, 276, 63, 0, 0, 5, 48, 10, 64, 8, 0, 0, 0, 4, 4, 125, 20, 0, 0, 0, 19, 1, 20, 3, 0, 1, 0, 1, 1, 10, 1, 0, 0, 0, 0, 1, 82, 19, 0, 0, 0, 12, 7, 28, 0, 0, 0, 0, 0, 0, 19, 0, 0, 0, 0, 0, 0, 9, 1, 0, 0, 0, 0, 1, 10, 0, 0, 0, 0, 0, 0, 13, 0, 0, 0, 0, 0, 0, 56, 11, 0, 4, 0, 6, 1, 7, 0, 0, 0, 0, 0, 0, 0, 0, 0, 0, 0, 0, 0, 7, 0, 0, 0, 0, 0, 0, 
1615大山, 583, 75, 0, 2, 2, 50, 21, 0, 0, 0, 0, 0, 0, 0, 109, 31, 0, 0, 1, 21, 9, 13, 1, 0, 0, 0, 0, 1, 53, 6, 0, 0, 1, 5, 0, 7, 1, 0, 0, 0, 0, 1, 115, 16, 0, 0, 0, 11, 5, 84, 4, 0, 0, 0, 4, 0, 12, 0, 0, 0, 0, 0, 0, 17, 0, 0, 0, 0, 0, 0, 9, 1, 0, 0, 0, 0, 1, 9, 0, 0, 0, 0, 0, 0, 123, 11, 0, 0, 0, 7, 4, 19, 4, 0, 2, 0, 2, 0, 9, 0, 0, 0, 0, 0, 0, 0, 0, 0, 0, 0, 0, 0, 4, 0, 0, 0, 0, 0, 0, 
3583辛耘, 987, 98, 1, 2, 3, 46, 46, 0, 0, 0, 0, 0, 0, 0, 165, 27, 1, 0, 1, 22, 3, 29, 2, 0, 0, 0, 0, 2, 125, 2, 0, 0, 0, 2, 0, 18, 2, 0, 0, 0, 0, 2, 20, 2, 0, 0, 0, 0, 2, 86, 9, 0, 0, 0, 7, 2, 24, 0, 0, 0, 0, 0, 0, 38, 0, 0, 0, 0, 0, 0, 389, 52, 0, 0, 2, 15, 35, 21, 0, 0, 0, 0, 0, 0, 32, 0, 0, 0, 0, 0, 0, 28, 2, 0, 2, 0, 0, 0, 7, 0, 0, 0, 0, 0, 0, 0, 0, 0, 0, 0, 0, 0, 5, 0, 0, 0, 0, 0, 0, 
1517利奇, 605, 56, 0, 7, 1, 37, 11, 0, 0, 0, 0, 0, 0, 0, 63, 14, 0, 0, 1, 11, 2, 13, 1, 0, 0, 0, 0, 1, 117, 13, 0, 1, 0, 11, 1, 20, 1, 0, 0, 0, 0, 1, 44, 2, 0, 0, 0, 0, 2, 22, 1, 0, 0, 0, 1, 0, 33, 2, 0, 1, 0, 0, 1, 38, 0, 0, 0, 0, 0, 0, 18, 2, 0, 0, 0, 0, 2, 31, 0, 0, 0, 0, 0, 0, 39, 0, 0, 0, 0, 0, 0, 155, 20, 0, 5, 0, 14, 1, 7, 0, 0, 0, 0, 0, 0, 0, 0, 0, 0, 0, 0, 0, 5, 0, 0, 0, 0, 0, 0, 
1732毛寶, 220, 23, 0, 3, 0, 12, 8, 0, 0, 0, 0, 0, 0, 0, 15, 3, 0, 0, 0, 2, 1, 12, 1, 0, 0, 0, 0, 1, 22, 1, 0, 0, 0, 1, 0, 9, 1, 0, 0, 0, 0, 1, 8, 1, 0, 0, 0, 0, 1, 22, 5, 0, 0, 0, 3, 2, 10, 0, 0, 0, 0, 0, 0, 18, 0, 0, 0, 0, 0, 0, 9, 1, 0, 0, 0, 0, 1, 10, 0, 0, 0, 0, 0, 0, 14, 0, 0, 0, 0, 0, 0, 59, 10, 0, 3, 0, 6, 1, 6, 0, 0, 0, 0, 0, 0, 0, 0, 0, 0, 0, 0, 0, 6, 0, 0, 0, 0, 0, 0, 
1506正道, 651, 71, 1, 1, 1, 43, 25, 0, 0, 0, 0, 0, 0, 0, 181, 28, 0, 0, 0, 23, 5, 26, 2, 0, 0, 0, 0, 2, 79, 7, 0, 0, 0, 4, 3, 13, 2, 0, 0, 0, 0, 2, 26, 3, 0, 0, 0, 0, 3, 29, 0, 0, 0, 0, 0, 0, 14, 0, 0, 0, 0, 0, 0, 80, 5, 0, 0, 1, 2, 2, 14, 2, 0, 0, 0, 0, 2, 53, 3, 0, 0, 0, 3, 0, 107, 18, 1, 0, 0, 11, 6, 16, 1, 0, 1, 0, 0, 0, 6, 0, 0, 0, 0, 0, 0, 0, 0, 0, 0, 0, 0, 0, 7, 0, 0, 0, 0, 0, 0, 
5471松翰, 980, 0, 0, 0, 0, 0, 0, 0, 0, 0, 0, 0, 0, 0, 0, 0, 0, 0, 0, 0, 0, 114, 0, 0, 0, 0, 0, 0, 133, 0, 0, 0, 0, 0, 0, 27, 0, 0, 0, 0, 0, 0, 0, 0, 0, 0, 0, 0, 0, 163, 0, 0, 0, 0, 0, 0, 51, 0, 0, 0, 0, 0, 0, 49, 0, 0, 0, 0, 0, 0, 33, 0, 0, 0, 0, 0, 0, 36, 0, 0, 0, 0, 0, 0, 175, 0, 0, 0, 0, 0, 0, 179, 0, 0, 0, 0, 0, 0, 11, 0, 0, 0, 0, 0, 0, 0, 0, 0, 0, 0, 0, 0, 9, 0, 0, 0, 0, 0, 0, 
1477聚陽, 3109, 282, 2, 8, 10, 105, 157, 0, 0, 0, 0, 0, 0, 0, 104, 24, 0, 0, 7, 15, 2, 325, 23, 0, 0, 1, 7, 15, 0, 0, 0, 0, 0, 0, 0, 165, 33, 0, 0, 0, 15, 18, 349, 31, 0, 0, 0, 11, 20, 1030, 97, 0, 2, 0, 26, 69, 268, 7, 0, 2, 2, 1, 2, 38, 0, 0, 0, 0, 0, 0, 526, 40, 0, 1, 0, 13, 26, 9, 0, 0, 0, 0, 0, 0, 277, 26, 2, 2, 0, 17, 5, 7, 1, 0, 1, 0, 0, 0, 7, 0, 0, 0, 0, 0, 0, 0, 0, 0, 0, 0, 0, 0, 4, 0, 0, 0, 0, 0, 0, 
2330台積電, 3263, 361, 10, 50, 16, 159, 126, 152, 7, 0, 3, 1, 1, 2, 240, 53, 0, 1, 6, 39, 7, 428, 71, 0, 0, 0, 46, 25, 266, 32, 1, 0, 0, 16, 15, 136, 27, 0, 0, 0, 15, 12, 463, 47, 0, 8, 2, 12, 25, 90, 10, 0, 0, 0, 7, 3, 175, 8, 0, 0, 1, 3, 4, 104, 3, 0, 0, 0, 3, 0, 0, 0, 0, 0, 0, 0, 0, 22, 0, 0, 0, 0, 0, 0, 280, 17, 9, 4, 1, 2, 1, 269, 34, 0, 15, 1, 2, 16, 223, 23, 0, 7, 4, 9, 3, 0, 0, 0, 0, 0, 0, 0, 415, 29, 0, 12, 0, 4, 13, 
3532台勝科(2), 1157, 139, 6, 6, 4, 82, 41, 0, 0, 0, 0, 0, 0, 0, 239, 54, 0, 1, 3, 40, 10, 92, 12, 0, 0, 0, 4, 8, 155, 13, 0, 1, 0, 11, 1, 21, 1, 0, 0, 0, 0, 1, 85, 13, 0, 0, 0, 8, 5, 116, 13, 0, 0, 0, 6, 7, 35, 1, 0, 0, 0, 1, 0, 35, 0, 0, 0, 0, 0, 0, 38, 4, 0, 0, 0, 1, 3, 19, 0, 0, 0, 0, 0, 0, 270, 22, 6, 2, 1, 8, 5, 40, 6, 0, 2, 0, 3, 1, 8, 0, 0, 0, 0, 0, 0, 0, 0, 0, 0, 0, 0, 0, 4, 0, 0, 0, 0, 0, 0, 
1701中化, 651, 40, 0, 3, 0, 23, 14, 0, 0, 0, 0, 0, 0, 0, 115, 13, 0, 0, 0, 10, 3, 45, 3, 0, 0, 0, 0, 3, 81, 5, 0, 0, 0, 5, 0, 14, 1, 0, 0, 0, 0, 1, 15, 1, 0, 0, 0, 0, 1, 51, 1, 0, 0, 0, 1, 0, 33, 0, 0, 0, 0, 0, 0, 27, 0, 0, 0, 0, 0, 0, 15, 1, 0, 0, 0, 0, 1, 17, 0, 0, 0, 0, 0, 0, 106, 9, 0, 0, 0, 6, 3, 119, 6, 0, 3, 0, 1, 2, 7, 0, 0, 0, 0, 0, 0, 0, 0, 0, 0, 0, 0, 0, 6, 0, 0, 0, 0, 0, 0, 
1730花仙子, 877, 92, 0, 13, 4, 45, 30, 0, 0, 0, 0, 0, 0, 0, 61, 16, 0, 0, 3, 10, 3, 39, 8, 0, 0, 0, 2, 6, 95, 9, 0, 0, 0, 9, 0, 83, 12, 0, 0, 1, 7, 4, 31, 3, 0, 0, 0, 0, 3, 201, 1, 0, 0, 0, 1, 0, 34, 5, 0, 0, 0, 2, 3, 18, 0, 0, 0, 0, 0, 0, 8, 1, 0, 0, 0, 0, 1, 10, 0, 0, 0, 0, 0, 0, 48, 2, 0, 1, 0, 1, 0, 232, 35, 0, 12, 0, 13, 10, 8, 0, 0, 0, 0, 0, 0, 0, 0, 0, 0, 0, 0, 0, 9, 0, 0, 0, 0, 0, 0, 
1234黑松, 1035, 125, 0, 9, 6, 64, 46, 0, 0, 0, 0, 0, 0, 0, 213, 34, 0, 0, 3, 27, 4, 148, 28, 0, 3, 1, 11, 13, 93, 8, 0, 1, 0, 7, 0, 9, 1, 0, 0, 0, 0, 1, 10, 1, 0, 0, 0, 0, 1, 312, 43, 0, 0, 2, 18, 23, 11, 0, 0, 0, 0, 0, 0, 17, 0, 0, 0, 0, 0, 0, 10, 1, 0, 0, 0, 0, 1, 10, 0, 0, 0, 0, 0, 0, 151, 5, 0, 3, 0, 1, 1, 40, 4, 0, 2, 0, 0, 2, 6, 0, 0, 0, 0, 0, 0, 0, 0, 0, 0, 0, 0, 0, 5, 0, 0, 0, 0, 0, 0, 
6605帝寶, 877, 84, 3, 4, 4, 43, 30, 0, 0, 0, 0, 0, 0, 0, 234, 28, 3, 1, 3, 16, 5, 11, 1, 0, 0, 0, 0, 1, 105, 14, 0, 0, 0, 14, 0, 29, 4, 0, 0, 1, 2, 1, 81, 5, 0, 0, 0, 3, 2, 160, 17, 0, 0, 0, 0, 17, 52, 4, 0, 0, 0, 2, 2, 38, 0, 0, 0, 0, 0, 0, 10, 1, 0, 0, 0, 0, 1, 44, 0, 0, 0, 0, 0, 0, 38, 0, 0, 0, 0, 0, 0, 63, 10, 0, 3, 0, 6, 1, 7, 0, 0, 0, 0, 0, 0, 0, 0, 0, 0, 0, 0, 0, 5, 0, 0, 0, 0, 0, 0, 
1734杏輝, 388, 42, 0, 4, 0, 20, 18, 0, 0, 0, 0, 0, 0, 0, 59, 14, 0, 0, 0, 12, 2, 20, 2, 0, 0, 0, 0, 2, 44, 2, 0, 0, 0, 2, 0, 46, 7, 0, 1, 0, 1, 5, 19, 2, 0, 0, 0, 0, 2, 24, 1, 0, 0, 0, 0, 1, 29, 3, 0, 0, 0, 0, 3, 32, 0, 0, 0, 0, 0, 0, 14, 2, 0, 0, 0, 0, 2, 11, 0, 0, 0, 0, 0, 0, 24, 0, 0, 0, 0, 0, 0, 54, 9, 0, 3, 0, 5, 1, 5, 0, 0, 0, 0, 0, 0, 0, 0, 0, 0, 0, 0, 0, 7, 0, 0, 0, 0, 0, 0, 
3532台勝科, 1157, 139, 6, 6, 4, 82, 41, 0, 0, 0, 0, 0, 0, 0, 239, 54, 0, 1, 3, 40, 10, 92, 12, 0, 0, 0, 4, 8, 155, 13, 0, 1, 0, 11, 1, 21, 1, 0, 0, 0, 0, 1, 85, 13, 0, 0, 0, 8, 5, 116, 13, 0, 0, 0, 6, 7, 35, 1, 0, 0, 0, 1, 0, 35, 0, 0, 0, 0, 0, 0, 38, 4, 0, 0, 0, 1, 3, 19, 0, 0, 0, 0, 0, 0, 270, 22, 6, 2, 1, 8, 5, 40, 6, 0, 2, 0, 3, 1, 8, 0, 0, 0, 0, 0, 0, 0, 0, 0, 0, 0, 0, 0, 4, 0, 0, 0, 0, 0, 0, 
9914美利達, 369, 39, 2, 1, 0, 27, 9, 0, 0, 0, 0, 0, 0, 0, 125, 26, 0, 0, 0, 23, 3, 13, 1, 0, 0, 0, 0, 1, 47, 2, 0, 0, 0, 2, 0, 10, 1, 0, 0, 0, 0, 1, 9, 1, 0, 0, 0, 0, 1, 30, 2, 0, 0, 0, 1, 1, 10, 0, 0, 0, 0, 0, 0, 19, 0, 0, 0, 0, 0, 0, 10, 1, 0, 0, 0, 0, 1, 11, 0, 0, 0, 0, 0, 0, 67, 4, 2, 0, 0, 1, 1, 6, 1, 0, 1, 0, 0, 0, 6, 0, 0, 0, 0, 0, 0, 0, 0, 0, 0, 0, 0, 0, 6, 0, 0, 0, 0, 0, 0, 
1473台南, 975, 92, 0, 5, 5, 49, 33, 0, 0, 0, 0, 0, 0, 0, 92, 28, 0, 1, 2, 21, 4, 223, 14, 0, 0, 0, 8, 6, 106, 8, 0, 0, 2, 6, 0, 50, 5, 0, 0, 0, 2, 3, 25, 2, 0, 0, 0, 0, 2, 268, 18, 0, 0, 0, 5, 13, 53, 3, 0, 0, 1, 1, 1, 33, 0, 0, 0, 0, 0, 0, 16, 3, 0, 0, 0, 0, 3, 26, 0, 0, 0, 0, 0, 0, 14, 0, 0, 0, 0, 0, 0, 57, 11, 0, 4, 0, 6, 1, 7, 0, 0, 0, 0, 0, 0, 0, 0, 0, 0, 0, 0, 0, 5, 0, 0, 0, 0, 0, 0, 
1609大亞, 616, 80, 0, 4, 2, 33, 41, 0, 0, 0, 0, 0, 0, 0, 62, 14, 0, 0, 2, 10, 2, 10, 1, 0, 0, 0, 0, 1, 62, 8, 0, 1, 0, 6, 1, 10, 1, 0, 0, 0, 0, 1, 53, 7, 0, 0, 0, 2, 5, 280, 36, 0, 0, 0, 9, 27, 29, 3, 0, 1, 0, 0, 2, 16, 0, 0, 0, 0, 0, 0, 7, 1, 0, 0, 0, 0, 1, 9, 0, 0, 0, 0, 0, 0, 11, 0, 0, 0, 0, 0, 0, 53, 9, 0, 2, 0, 6, 1, 6, 0, 0, 0, 0, 0, 0, 0, 0, 0, 0, 0, 0, 0, 8, 0, 0, 0, 0, 0, 0, 
3014聯陽, 680, 67, 0, 2, 0, 43, 22, 0, 0, 0, 0, 0, 0, 0, 205, 22, 0, 0, 0, 17, 5, 35, 7, 0, 0, 0, 3, 4, 91, 11, 0, 0, 0, 11, 0, 12, 1, 0, 0, 0, 0, 1, 104, 12, 0, 0, 0, 6, 6, 45, 3, 0, 0, 0, 0, 3, 34, 0, 0, 0, 0, 0, 0, 20, 0, 0, 0, 0, 0, 0, 24, 2, 0, 0, 0, 0, 2, 11, 0, 0, 0, 0, 0, 0, 30, 0, 0, 0, 0, 0, 0, 55, 9, 0, 2, 0, 6, 1, 9, 0, 0, 0, 0, 0, 0, 0, 0, 0, 0, 0, 0, 0, 5, 0, 0, 0, 0, 0, 0, 
1786科妍, 878, 87, 0, 6, 2, 44, 35, 0, 0, 0, 0, 0, 0, 0, 144, 30, 0, 0, 2, 21, 7, 69, 7, 0, 0, 0, 4, 3, 68, 3, 0, 0, 0, 3, 0, 10, 1, 0, 0, 0, 0, 1, 108, 13, 0, 0, 0, 4, 9, 94, 12, 0, 2, 0, 9, 1, 29, 0, 0, 0, 0, 0, 0, 77, 0, 0, 0, 0, 0, 0, 9, 1, 0, 0, 0, 0, 1, 11, 0, 0, 0, 0, 0, 0, 53, 1, 0, 0, 0, 1, 0, 191, 19, 0, 4, 0, 2, 13, 8, 0, 0, 0, 0, 0, 0, 0, 0, 0, 0, 0, 0, 0, 7, 0, 0, 0, 0, 0, 0, 
3443創意, 1517, 153, 1, 25, 3, 70, 54, 0, 0, 0, 0, 0, 0, 0, 261, 48, 1, 1, 2, 38, 6, 38, 4, 0, 0, 0, 0, 4, 67, 4, 0, 1, 0, 3, 0, 10, 1, 0, 0, 0, 0, 1, 28, 3, 0, 0, 0, 1, 2, 338, 20, 0, 0, 0, 11, 9, 11, 0, 0, 0, 0, 0, 0, 37, 0, 0, 0, 0, 0, 0, 10, 1, 0, 0, 0, 0, 1, 18, 0, 0, 0, 0, 0, 0, 36, 1, 0, 1, 0, 0, 0, 320, 43, 0, 17, 1, 10, 15, 338, 28, 0, 5, 0, 7, 16, 0, 0, 0, 0, 0, 0, 0, 5, 0, 0, 0, 0, 0, 0, 
1737臺鹽, 1353, 134, 0, 24, 1, 58, 51, 179, 18, 0, 9, 0, 3, 6, 65, 13, 0, 1, 0, 10, 2, 25, 2, 0, 0, 0, 0, 2, 53, 3, 0, 0, 0, 3, 0, 28, 5, 0, 1, 0, 0, 4, 25, 2, 0, 0, 0, 0, 2, 385, 31, 0, 6, 0, 7, 18, 63, 2, 0, 0, 0, 1, 1, 36, 1, 0, 0, 0, 1, 0, 32, 4, 0, 0, 0, 0, 4, 12, 0, 0, 0, 0, 0, 0, 133, 17, 0, 0, 1, 10, 6, 301, 36, 0, 7, 0, 23, 6, 10, 0, 0, 0, 0, 0, 0, 0, 0, 0, 0, 0, 0, 0, 6, 0, 0, 0, 0, 0, 0, 
2906高林, 552, 58, 0, 3, 5, 29, 21, 0, 0, 0, 0, 0, 0, 0, 77, 15, 0, 0, 2, 10, 3, 55, 4, 0, 0, 0, 1, 3, 117, 13, 0, 0, 2, 11, 0, 16, 2, 0, 0, 0, 0, 2, 74, 10, 0, 0, 0, 1, 9, 9, 0, 0, 0, 0, 0, 0, 19, 0, 0, 0, 0, 0, 0, 49, 0, 0, 0, 0, 0, 0, 15, 2, 0, 0, 0, 0, 2, 96, 12, 0, 3, 1, 6, 2, 12, 0, 0, 0, 0, 0, 0, 7, 0, 0, 0, 0, 0, 0, 6, 0, 0, 0, 0, 0, 0, 0, 0, 0, 0, 0, 0, 0, 0, 0, 0, 0, 0, 0, 0, 
6286立錡, 1506, 115, 1, 10, 1, 53, 50, 0, 0, 0, 0, 0, 0, 0, 142, 26, 0, 0, 1, 22, 3, 108, 10, 0, 0, 0, 2, 8, 90, 9, 0, 0, 0, 8, 1, 12, 1, 0, 0, 0, 0, 1, 160, 11, 0, 0, 0, 6, 5, 335, 15, 0, 0, 0, 5, 10, 92, 6, 0, 0, 0, 1, 5, 21, 0, 0, 0, 0, 0, 0, 10, 1, 0, 0, 0, 0, 1, 16, 0, 0, 0, 0, 0, 0, 136, 8, 1, 1, 0, 2, 4, 367, 28, 0, 9, 0, 7, 12, 8, 0, 0, 0, 0, 0, 0, 0, 0, 0, 0, 0, 0, 0, 9, 0, 0, 0, 0, 0, 0, 
1514亞力, 363, 41, 0, 3, 0, 27, 11, 0, 0, 0, 0, 0, 0, 0, 138, 26, 0, 0, 0, 21, 5, 44, 8, 0, 0, 0, 5, 3, 33, 1, 0, 0, 0, 1, 0, 10, 1, 0, 0, 0, 0, 1, 9, 1, 0, 0, 0, 0, 1, 45, 0, 0, 0, 0, 0, 0, 11, 0, 0, 0, 0, 0, 0, 20, 0, 0, 0, 0, 0, 0, 10, 1, 0, 0, 0, 0, 1, 12, 0, 0, 0, 0, 0, 0, 12, 0, 0, 0, 0, 0, 0, 13, 3, 0, 3, 0, 0, 0, 0, 0, 0, 0, 0, 0, 0, 0, 0, 0, 0, 0, 0, 0, 6, 0, 0, 0, 0, 0, 0, 
1452宏益, 789, 92, 2, 1, 5, 59, 25, 0, 0, 0, 0, 0, 0, 0, 215, 37, 0, 0, 4, 27, 6, 13, 1, 0, 0, 0, 0, 1, 131, 18, 0, 0, 1, 15, 2, 19, 2, 0, 0, 0, 0, 2, 26, 2, 0, 0, 0, 1, 1, 180, 19, 0, 0, 0, 11, 8, 23, 0, 0, 0, 0, 0, 0, 19, 0, 0, 0, 0, 0, 0, 11, 1, 0, 0, 0, 0, 1, 11, 0, 0, 0, 0, 0, 0, 122, 11, 2, 0, 0, 5, 4, 6, 1, 0, 1, 0, 0, 0, 7, 0, 0, 0, 0, 0, 0, 0, 0, 0, 0, 0, 0, 0, 6, 0, 0, 0, 0, 0, 0, 
1909榮成, 314, 25, 0, 3, 0, 16, 6, 0, 0, 0, 0, 0, 0, 0, 91, 9, 0, 0, 0, 8, 1, 10, 1, 0, 0, 0, 0, 1, 67, 2, 0, 0, 0, 2, 0, 8, 1, 0, 0, 0, 0, 1, 8, 1, 0, 0, 0, 0, 1, 8, 0, 0, 0, 0, 0, 0, 9, 0, 0, 0, 0, 0, 0, 16, 0, 0, 0, 0, 0, 0, 8, 1, 0, 0, 0, 0, 1, 9, 0, 0, 0, 0, 0, 0, 13, 0, 0, 0, 0, 0, 0, 54, 10, 0, 3, 0, 6, 1, 6, 0, 0, 0, 0, 0, 0, 0, 0, 0, 0, 0, 0, 0, 7, 0, 0, 0, 0, 0, 0, 
6202盛群, 611, 72, 0, 4, 0, 45, 23, 0, 0, 0, 0, 0, 0, 0, 147, 30, 0, 1, 0, 26, 3, 58, 4, 0, 0, 0, 0, 4, 91, 7, 0, 0, 0, 7, 0, 11, 1, 0, 0, 0, 0, 1, 93, 10, 0, 0, 0, 4, 6, 46, 7, 0, 0, 0, 2, 5, 34, 2, 0, 0, 0, 0, 2, 20, 0, 0, 0, 0, 0, 0, 10, 1, 0, 0, 0, 0, 1, 0, 0, 0, 0, 0, 0, 0, 32, 0, 0, 0, 0, 0, 0, 56, 10, 0, 3, 0, 6, 1, 7, 0, 0, 0, 0, 0, 0, 0, 0, 0, 0, 0, 0, 0, 6, 0, 0, 0, 0, 0, 0, 
2597潤弘, 2085, 122, 6, 22, 6, 48, 40, 0, 0, 0, 0, 0, 0, 0, 467, 34, 0, 0, 2, 26, 6, 77, 7, 0, 0, 0, 2, 5, 143, 6, 0, 0, 0, 6, 0, 16, 1, 0, 0, 0, 0, 1, 66, 7, 0, 1, 0, 2, 4, 267, 28, 0, 0, 0, 8, 20, 62, 2, 0, 1, 1, 0, 0, 41, 0, 0, 0, 0, 0, 0, 14, 1, 0, 0, 0, 0, 1, 26, 0, 0, 0, 0, 0, 0, 62, 1, 0, 0, 0, 1, 0, 826, 35, 6, 20, 3, 3, 3, 9, 0, 0, 0, 0, 0, 0, 0, 0, 0, 0, 0, 0, 0, 9, 0, 0, 0, 0, 0, 0, 
4733上緯, 711, 100, 0, 3, 7, 66, 24, 0, 0, 0, 0, 0, 0, 0, 218, 59, 0, 0, 7, 46, 6, 44, 6, 0, 0, 0, 1, 5, 115, 10, 0, 0, 0, 10, 0, 59, 7, 0, 0, 0, 0, 7, 48, 5, 0, 0, 0, 3, 2, 53, 5, 0, 0, 0, 5, 0, 40, 2, 0, 1, 0, 0, 1, 20, 0, 0, 0, 0, 0, 0, 33, 3, 0, 0, 0, 0, 3, 18, 0, 0, 0, 0, 0, 0, 45, 2, 0, 1, 0, 1, 0, 6, 1, 0, 1, 0, 0, 0, 7, 0, 0, 0, 0, 0, 0, 0, 0, 0, 0, 0, 0, 0, 5, 0, 0, 0, 0, 0, 0, 
6172互億, 524, 45, 0, 1, 5, 27, 12, 0, 0, 0, 0, 0, 0, 0, 80, 13, 0, 0, 3, 8, 2, 49, 5, 0, 0, 0, 2, 3, 173, 14, 0, 0, 2, 11, 1, 9, 1, 0, 0, 0, 0, 1, 45, 3, 0, 0, 0, 0, 3, 24, 0, 0, 0, 0, 0, 0, 10, 0, 0, 0, 0, 0, 0, 17, 0, 0, 0, 0, 0, 0, 9, 1, 0, 0, 0, 0, 1, 9, 0, 0, 0, 0, 0, 0, 40, 0, 0, 0, 0, 0, 0, 48, 8, 0, 1, 0, 6, 1, 6, 0, 0, 0, 0, 0, 0, 0, 0, 0, 0, 0, 0, 0, 5, 0, 0, 0, 0, 0, 0, 
2548華固, 266, 21, 0, 3, 0, 11, 7, 0, 0, 0, 0, 0, 0, 0, 47, 6, 0, 0, 0, 4, 2, 11, 1, 0, 0, 0, 0, 1, 42, 2, 0, 0, 0, 2, 0, 10, 1, 0, 0, 0, 0, 1, 9, 1, 0, 0, 0, 0, 1, 8, 0, 0, 0, 0, 0, 0, 10, 0, 0, 0, 0, 0, 0, 19, 0, 0, 0, 0, 0, 0, 9, 1, 0, 0, 0, 0, 1, 10, 0, 0, 0, 0, 0, 0, 26, 0, 0, 0, 0, 0, 0, 53, 9, 0, 3, 0, 5, 1, 7, 0, 0, 0, 0, 0, 0, 0, 0, 0, 0, 0, 0, 0, 5, 0, 0, 0, 0, 0, 0, 
9929秋雨, 373, 49, 0, 5, 3, 33, 8, 0, 0, 0, 0, 0, 0, 0, 148, 28, 0, 1, 3, 21, 3, 11, 1, 0, 0, 0, 0, 1, 68, 6, 0, 0, 0, 6, 0, 9, 1, 0, 0, 0, 0, 1, 7, 1, 0, 0, 0, 0, 1, 9, 0, 0, 0, 0, 0, 0, 10, 0, 0, 0, 0, 0, 0, 17, 0, 0, 0, 0, 0, 0, 8, 1, 0, 0, 0, 0, 1, 9, 0, 0, 0, 0, 0, 0, 12, 0, 0, 0, 0, 0, 0, 54, 11, 0, 4, 0, 6, 1, 6, 0, 0, 0, 0, 0, 0, 0, 0, 0, 0, 0, 0, 0, 5, 0, 0, 0, 0, 0, 0, 
2409友達, 3220, 343, 7, 91, 12, 156, 77, 250, 14, 0, 3, 2, 1, 8, 171, 30, 0, 1, 4, 23, 2, 183, 24, 0, 0, 0, 9, 15, 107, 11, 0, 0, 0, 11, 0, 28, 3, 0, 0, 0, 1, 2, 16, 2, 0, 0, 0, 0, 2, 19, 1, 0, 0, 0, 0, 1, 137, 9, 0, 3, 1, 2, 3, 25, 0, 0, 0, 0, 0, 0, 16, 2, 0, 0, 0, 0, 2, 28, 0, 0, 0, 0, 0, 0, 37, 0, 0, 0, 0, 0, 0, 2193, 247, 7, 84, 5, 109, 42, 5, 0, 0, 0, 0, 0, 0, 0, 0, 0, 0, 0, 0, 0, 5, 0, 0, 0, 0, 0, 0, 
2702華園, 502, 42, 0, 4, 5, 18, 15, 0, 0, 0, 0, 0, 0, 0, 78, 14, 0, 0, 4, 7, 3, 31, 4, 0, 0, 0, 0, 4, 52, 3, 0, 0, 0, 3, 0, 17, 1, 0, 0, 0, 0, 1, 38, 4, 0, 0, 0, 1, 3, 14, 0, 0, 0, 0, 0, 0, 38, 1, 0, 0, 1, 0, 0, 38, 0, 0, 0, 0, 0, 0, 27, 3, 0, 0, 0, 0, 3, 17, 0, 0, 0, 0, 0, 0, 78, 3, 0, 2, 0, 1, 0, 58, 9, 0, 2, 0, 6, 1, 8, 0, 0, 0, 0, 0, 0, 0, 0, 0, 0, 0, 0, 0, 8, 0, 0, 0, 0, 0, 0, 
6184大豐電, 469, 46, 0, 3, 0, 23, 20, 0, 0, 0, 0, 0, 0, 0, 57, 11, 0, 0, 0, 9, 2, 39, 4, 0, 0, 0, 2, 2, 23, 1, 0, 0, 0, 1, 0, 10, 1, 0, 0, 0, 0, 1, 9, 1, 0, 0, 0, 0, 1, 14, 0, 0, 0, 0, 0, 0, 10, 0, 0, 0, 0, 0, 0, 39, 0, 0, 0, 0, 0, 0, 10, 1, 0, 0, 0, 0, 1, 12, 0, 0, 0, 0, 0, 0, 50, 1, 0, 0, 0, 1, 0, 57, 10, 0, 3, 0, 6, 1, 7, 0, 0, 0, 0, 0, 0, 0, 0, 0, 0, 0, 0, 0, 132, 16, 0, 0, 0, 4, 12, 
2385群光, 1165, 163, 5, 4, 11, 86, 57, 0, 0, 0, 0, 0, 0, 0, 315, 82, 0, 0, 10, 47, 25, 74, 7, 0, 0, 0, 3, 4, 178, 19, 0, 0, 1, 17, 1, 100, 15, 0, 0, 0, 7, 8, 51, 8, 0, 0, 0, 1, 7, 78, 9, 0, 0, 0, 3, 6, 26, 0, 0, 0, 0, 0, 0, 111, 0, 0, 0, 0, 0, 0, 24, 2, 0, 0, 0, 0, 2, 23, 0, 0, 0, 0, 0, 0, 44, 5, 5, 0, 0, 0, 0, 129, 16, 0, 4, 0, 8, 4, 7, 0, 0, 0, 0, 0, 0, 0, 0, 0, 0, 0, 0, 0, 5, 0, 0, 0, 0, 0, 0, 
2913農林, 558, 53, 0, 4, 1, 21, 27, 0, 0, 0, 0, 0, 0, 0, 63, 12, 0, 0, 0, 9, 3, 43, 3, 0, 0, 0, 0, 3, 58, 4, 0, 1, 0, 3, 0, 15, 3, 0, 0, 0, 0, 3, 61, 4, 0, 0, 0, 0, 4, 104, 12, 0, 0, 0, 3, 9, 26, 1, 0, 0, 0, 0, 1, 40, 1, 0, 0, 0, 0, 1, 12, 2, 0, 0, 0, 0, 2, 17, 0, 0, 0, 0, 0, 0, 53, 1, 0, 0, 1, 0, 0, 54, 10, 0, 3, 0, 6, 1, 7, 0, 0, 0, 0, 0, 0, 0, 0, 0, 0, 0, 0, 0, 5, 0, 0, 0, 0, 0, 0, 
2609陽明, 1239, 144, 1, 12, 15, 99, 17, 111, 3, 0, 0, 2, 1, 0, 125, 26, 1, 0, 4, 20, 1, 142, 17, 0, 5, 0, 8, 4, 283, 41, 0, 0, 5, 36, 0, 170, 27, 0, 1, 0, 22, 4, 49, 5, 0, 0, 2, 0, 3, 101, 8, 0, 0, 0, 8, 0, 66, 1, 0, 0, 1, 0, 0, 19, 0, 0, 0, 0, 0, 0, 11, 1, 0, 0, 0, 0, 1, 11, 0, 0, 0, 0, 0, 0, 67, 6, 0, 1, 0, 2, 3, 54, 5, 0, 3, 1, 0, 1, 24, 4, 0, 2, 0, 2, 0, 0, 0, 0, 0, 0, 0, 0, 6, 0, 0, 0, 0, 0, 0, 
2024志聯, 583, 91, 0, 4, 10, 65, 12, 0, 0, 0, 0, 0, 0, 0, 168, 37, 0, 0, 6, 27, 4, 11, 1, 0, 0, 0, 0, 1, 143, 31, 0, 0, 4, 27, 0, 9, 1, 0, 0, 0, 0, 1, 40, 6, 0, 0, 0, 3, 3, 22, 0, 0, 0, 0, 0, 0, 11, 0, 0, 0, 0, 0, 0, 5, 0, 0, 0, 0, 0, 0, 8, 1, 0, 0, 0, 0, 1, 8, 0, 0, 0, 0, 0, 0, 17, 0, 0, 0, 0, 0, 0, 130, 14, 0, 4, 0, 8, 2, 6, 0, 0, 0, 0, 0, 0, 0, 0, 0, 0, 0, 0, 0, 5, 0, 0, 0, 0, 0, 0, 
5007三星, 1163, 37, 0, 0, 0, 37, 0, 0, 0, 0, 0, 0, 0, 0, 178, 14, 0, 0, 0, 14, 0, 22, 0, 0, 0, 0, 0, 0, 104, 6, 0, 0, 0, 6, 0, 65, 3, 0, 0, 0, 3, 0, 337, 8, 0, 0, 0, 8, 0, 182, 6, 0, 0, 0, 6, 0, 21, 0, 0, 0, 0, 0, 0, 69, 0, 0, 0, 0, 0, 0, 18, 0, 0, 0, 0, 0, 0, 35, 0, 0, 0, 0, 0, 0, 24, 0, 0, 0, 0, 0, 0, 89, 0, 0, 0, 0, 0, 0, 10, 0, 0, 0, 0, 0, 0, 0, 0, 0, 0, 0, 0, 0, 9, 0, 0, 0, 0, 0, 0, 
4414如興, 565, 79, 0, 4, 14, 47, 14, 0, 0, 0, 0, 0, 0, 0, 106, 23, 0, 1, 1, 18, 3, 19, 2, 0, 0, 0, 0, 2, 59, 2, 0, 0, 0, 2, 0, 10, 1, 0, 0, 0, 0, 1, 11, 1, 0, 0, 0, 0, 1, 9, 0, 0, 0, 0, 0, 0, 27, 1, 0, 0, 0, 1, 0, 20, 0, 0, 0, 0, 0, 0, 11, 1, 0, 0, 0, 0, 1, 10, 0, 0, 0, 0, 0, 0, 27, 0, 0, 0, 0, 0, 0, 106, 13, 0, 3, 0, 7, 3, 141, 35, 0, 0, 13, 19, 3, 0, 0, 0, 0, 0, 0, 0, 9, 0, 0, 0, 0, 0, 0, 
3481群創, 1994, 174, 0, 26, 11, 76, 61, 0, 0, 0, 0, 0, 0, 0, 388, 50, 0, 1, 1, 40, 8, 155, 12, 0, 0, 0, 3, 9, 120, 11, 0, 0, 0, 10, 1, 21, 3, 0, 0, 0, 0, 3, 65, 7, 0, 0, 0, 0, 7, 84, 9, 0, 0, 0, 1, 8, 50, 3, 0, 1, 1, 0, 1, 35, 0, 0, 0, 0, 0, 0, 101, 9, 0, 0, 0, 2, 7, 19, 0, 0, 0, 0, 0, 0, 54, 1, 0, 0, 0, 0, 1, 890, 69, 0, 24, 9, 20, 16, 7, 0, 0, 0, 0, 0, 0, 0, 0, 0, 0, 0, 0, 0, 5, 0, 0, 0, 0, 0, 0, 
3059華晶科, 1660, 86, 0, 5, 0, 42, 39, 1054, 34, 0, 4, 0, 11, 19, 81, 19, 0, 0, 0, 18, 1, 84, 9, 0, 0, 0, 4, 5, 53, 3, 0, 0, 0, 3, 0, 20, 2, 0, 0, 0, 0, 2, 121, 9, 0, 0, 0, 4, 5, 61, 6, 0, 0, 0, 1, 5, 42, 0, 0, 0, 0, 0, 0, 42, 1, 0, 0, 0, 1, 0, 20, 2, 0, 0, 0, 0, 2, 20, 0, 0, 0, 0, 0, 0, 34, 0, 0, 0, 0, 0, 0, 11, 1, 0, 1, 0, 0, 0, 12, 0, 0, 0, 0, 0, 0, 0, 0, 0, 0, 0, 0, 0, 5, 0, 0, 0, 0, 0, 0, 
5525順天, 403, 36, 0, 4, 2, 21, 9, 0, 0, 0, 0, 0, 0, 0, 74, 16, 0, 0, 2, 10, 4, 16, 1, 0, 0, 0, 0, 1, 108, 6, 0, 0, 0, 6, 0, 16, 1, 0, 0, 0, 0, 1, 13, 1, 0, 0, 0, 0, 1, 14, 0, 0, 0, 0, 0, 0, 13, 0, 0, 0, 0, 0, 0, 23, 0, 0, 0, 0, 0, 0, 14, 1, 0, 0, 0, 0, 1, 16, 0, 0, 0, 0, 0, 0, 16, 0, 0, 0, 0, 0, 0, 59, 10, 0, 4, 0, 5, 1, 12, 0, 0, 0, 0, 0, 0, 0, 0, 0, 0, 0, 0, 0, 9, 0, 0, 0, 0, 0, 0, 
1783和康生, 1362, 156, 1, 8, 7, 83, 57, 0, 0, 0, 0, 0, 0, 0, 410, 65, 1, 0, 5, 50, 9, 50, 6, 0, 0, 0, 2, 4, 64, 8, 0, 0, 1, 7, 0, 98, 18, 0, 3, 0, 4, 11, 81, 12, 0, 0, 1, 3, 8, 389, 30, 0, 0, 0, 10, 20, 60, 3, 0, 2, 0, 1, 0, 44, 0, 0, 0, 0, 0, 0, 31, 4, 0, 0, 0, 0, 4, 21, 0, 0, 0, 0, 0, 0, 44, 0, 0, 0, 0, 0, 0, 56, 10, 0, 3, 0, 6, 1, 6, 0, 0, 0, 0, 0, 0, 0, 0, 0, 0, 0, 0, 0, 8, 0, 0, 0, 0, 0, 0, 
1727中華化, 921, 79, 0, 7, 3, 48, 21, 268, 10, 0, 2, 1, 6, 1, 166, 34, 0, 1, 2, 28, 3, 88, 10, 0, 0, 0, 2, 8, 72, 3, 0, 0, 0, 3, 0, 15, 1, 0, 0, 0, 0, 1, 35, 3, 0, 0, 0, 0, 3, 38, 2, 0, 0, 0, 0, 2, 18, 2, 0, 0, 0, 1, 1, 32, 0, 0, 0, 0, 0, 0, 12, 1, 0, 0, 0, 0, 1, 22, 0, 0, 0, 0, 0, 0, 85, 3, 0, 1, 0, 2, 0, 58, 10, 0, 3, 0, 6, 1, 7, 0, 0, 0, 0, 0, 0, 0, 0, 0, 0, 0, 0, 0, 5, 0, 0, 0, 0, 0, 0, 
2012春雨, 273, 26, 0, 1, 3, 15, 7, 0, 0, 0, 0, 0, 0, 0, 60, 12, 0, 0, 3, 8, 1, 11, 1, 0, 0, 0, 0, 1, 55, 5, 0, 0, 0, 4, 1, 10, 1, 0, 0, 0, 0, 1, 27, 5, 0, 0, 0, 3, 2, 24, 0, 0, 0, 0, 0, 0, 11, 0, 0, 0, 0, 0, 0, 19, 0, 0, 0, 0, 0, 0, 10, 1, 0, 0, 0, 0, 1, 11, 0, 0, 0, 0, 0, 0, 15, 0, 0, 0, 0, 0, 0, 6, 1, 0, 1, 0, 0, 0, 8, 0, 0, 0, 0, 0, 0, 0, 0, 0, 0, 0, 0, 0, 6, 0, 0, 0, 0, 0, 0, 
1457宜進, 462, 47, 0, 2, 2, 30, 13, 0, 0, 0, 0, 0, 0, 0, 86, 16, 0, 0, 1, 11, 4, 11, 1, 0, 0, 0, 0, 1, 118, 12, 0, 0, 1, 11, 0, 10, 1, 0, 0, 0, 0, 1, 48, 4, 0, 0, 0, 0, 4, 46, 1, 0, 0, 0, 1, 0, 22, 2, 0, 0, 0, 1, 1, 19, 0, 0, 0, 0, 0, 0, 10, 1, 0, 0, 0, 0, 1, 11, 0, 0, 0, 0, 0, 0, 12, 0, 0, 0, 0, 0, 0, 56, 9, 0, 2, 0, 6, 1, 7, 0, 0, 0, 0, 0, 0, 0, 0, 0, 0, 0, 0, 0, 6, 0, 0, 0, 0, 0, 0, 
1468昶和, 716, 81, 0, 4, 4, 45, 28, 0, 0, 0, 0, 0, 0, 0, 211, 40, 0, 2, 4, 29, 5, 14, 1, 0, 0, 0, 0, 1, 34, 3, 0, 0, 0, 3, 0, 15, 2, 0, 0, 0, 0, 2, 16, 2, 0, 0, 0, 0, 2, 266, 22, 0, 0, 0, 7, 15, 14, 0, 0, 0, 0, 0, 0, 33, 0, 0, 0, 0, 0, 0, 15, 2, 0, 0, 0, 0, 2, 17, 0, 0, 0, 0, 0, 0, 15, 0, 0, 0, 0, 0, 0, 54, 9, 0, 2, 0, 6, 1, 8, 0, 0, 0, 0, 0, 0, 0, 0, 0, 0, 0, 0, 0, 4, 0, 0, 0, 0, 0, 0, 
1110東泥, 695, 84, 1, 4, 2, 68, 9, 0, 0, 0, 0, 0, 0, 0, 135, 29, 1, 0, 2, 23, 3, 11, 1, 0, 0, 0, 0, 1, 137, 13, 0, 0, 0, 13, 0, 8, 1, 0, 0, 0, 0, 1, 7, 1, 0, 0, 0, 0, 1, 50, 0, 0, 0, 0, 0, 0, 11, 0, 0, 0, 0, 0, 0, 17, 0, 0, 0, 0, 0, 0, 8, 1, 0, 0, 0, 0, 1, 8, 0, 0, 0, 0, 0, 0, 13, 0, 0, 0, 0, 0, 0, 278, 38, 0, 4, 0, 32, 2, 6, 0, 0, 0, 0, 0, 0, 0, 0, 0, 0, 0, 0, 0, 6, 0, 0, 0, 0, 0, 0, 
1441大東, 318, 27, 0, 4, 1, 14, 8, 0, 0, 0, 0, 0, 0, 0, 41, 6, 0, 0, 0, 5, 1, 20, 2, 0, 0, 0, 1, 1, 56, 3, 0, 1, 0, 2, 0, 9, 1, 0, 0, 0, 0, 1, 9, 1, 0, 0, 0, 0, 1, 20, 0, 0, 0, 0, 0, 0, 38, 2, 0, 0, 1, 0, 1, 19, 0, 0, 0, 0, 0, 0, 13, 2, 0, 0, 0, 0, 2, 11, 0, 0, 0, 0, 0, 0, 17, 0, 0, 0, 0, 0, 0, 54, 10, 0, 3, 0, 6, 1, 7, 0, 0, 0, 0, 0, 0, 0, 0, 0, 0, 0, 0, 0, 4, 0, 0, 0, 0, 0, 0, 
6206飛捷, 2065, 198, 0, 21, 6, 104, 67, 537, 66, 0, 17, 3, 25, 21, 455, 56, 0, 0, 2, 41, 13, 112, 13, 0, 0, 0, 3, 10, 115, 7, 0, 0, 1, 6, 0, 100, 10, 0, 0, 0, 7, 3, 74, 4, 0, 0, 0, 1, 3, 327, 25, 0, 0, 0, 14, 11, 79, 2, 0, 0, 0, 1, 1, 54, 1, 0, 0, 0, 0, 1, 28, 2, 0, 0, 0, 0, 2, 26, 0, 0, 0, 0, 0, 0, 65, 1, 0, 0, 0, 0, 1, 71, 11, 0, 4, 0, 6, 1, 18, 0, 0, 0, 0, 0, 0, 0, 0, 0, 0, 0, 0, 0, 4, 0, 0, 0, 0, 0, 0, 
2465麗臺, 365, 43, 0, 3, 2, 29, 9, 0, 0, 0, 0, 0, 0, 0, 110, 26, 0, 0, 2, 20, 4, 11, 1, 0, 0, 0, 0, 1, 70, 3, 0, 0, 0, 3, 0, 10, 1, 0, 0, 0, 0, 1, 9, 1, 0, 0, 0, 0, 1, 23, 1, 0, 0, 0, 0, 1, 10, 0, 0, 0, 0, 0, 0, 18, 0, 0, 0, 0, 0, 0, 10, 0, 0, 0, 0, 0, 0, 10, 0, 0, 0, 0, 0, 0, 13, 0, 0, 0, 0, 0, 0, 57, 10, 0, 3, 0, 6, 1, 8, 0, 0, 0, 0, 0, 0, 0, 0, 0, 0, 0, 0, 0, 6, 0, 0, 0, 0, 0, 0, 
1722台肥, 2875, 226, 10, 36, 13, 81, 86, 360, 14, 0, 3, 0, 4, 7, 153, 13, 0, 0, 1, 11, 1, 131, 13, 0, 0, 1, 4, 8, 22, 1, 0, 0, 0, 1, 0, 367, 46, 0, 3, 1, 12, 30, 114, 6, 0, 1, 0, 2, 3, 504, 43, 0, 1, 0, 12, 30, 111, 3, 0, 0, 1, 2, 0, 20, 0, 0, 0, 0, 0, 0, 15, 2, 0, 0, 0, 0, 2, 11, 0, 0, 0, 0, 0, 0, 214, 29, 8, 0, 4, 17, 0, 839, 56, 2, 28, 5, 16, 5, 8, 0, 0, 0, 0, 0, 0, 0, 0, 0, 0, 0, 0, 0, 6, 0, 0, 0, 0, 0, 0, 
1614三洋電, 469, 37, 0, 9, 0, 16, 12, 0, 0, 0, 0, 0, 0, 0, 45, 7, 0, 1, 0, 4, 2, 13, 1, 0, 0, 0, 0, 1, 52, 6, 0, 1, 0, 4, 1, 11, 1, 0, 0, 0, 0, 1, 11, 1, 0, 0, 0, 0, 1, 53, 3, 0, 0, 0, 1, 2, 12, 0, 0, 0, 0, 0, 0, 21, 0, 0, 0, 0, 0, 0, 11, 1, 0, 0, 0, 0, 1, 0, 0, 0, 0, 0, 0, 0, 14, 0, 0, 0, 0, 0, 0, 214, 17, 0, 7, 0, 7, 3, 6, 0, 0, 0, 0, 0, 0, 0, 0, 0, 0, 0, 0, 0, 6, 0, 0, 0, 0, 0, 0, 
2206三陽, 870, 106, 1, 5, 4, 57, 39, 0, 0, 0, 0, 0, 0, 0, 243, 46, 1, 1, 4, 29, 11, 11, 1, 0, 0, 0, 0, 1, 92, 10, 0, 0, 0, 10, 0, 10, 1, 0, 0, 0, 0, 1, 286, 29, 0, 2, 0, 10, 17, 77, 12, 0, 0, 0, 5, 7, 42, 1, 0, 1, 0, 0, 0, 18, 0, 0, 0, 0, 0, 0, 10, 1, 0, 0, 0, 0, 1, 10, 0, 0, 0, 0, 0, 0, 13, 0, 0, 0, 0, 0, 0, 41, 5, 0, 1, 0, 3, 1, 7, 0, 0, 0, 0, 0, 0, 0, 0, 0, 0, 0, 0, 0, 10, 0, 0, 0, 0, 0, 0, 
1232大統益, 557, 68, 0, 3, 2, 49, 14, 0, 0, 0, 0, 0, 0, 0, 117, 29, 0, 1, 2, 25, 1, 41, 7, 0, 0, 0, 2, 5, 134, 13, 0, 0, 0, 12, 1, 12, 1, 0, 0, 0, 0, 1, 25, 2, 0, 0, 0, 0, 2, 54, 6, 0, 0, 0, 4, 2, 22, 0, 0, 0, 0, 0, 0, 21, 0, 0, 0, 0, 0, 0, 13, 1, 0, 0, 0, 0, 1, 10, 0, 0, 0, 0, 0, 0, 36, 0, 0, 0, 0, 0, 0, 56, 9, 0, 2, 0, 6, 1, 8, 0, 0, 0, 0, 0, 0, 0, 0, 0, 0, 0, 0, 0, 8, 0, 0, 0, 0, 0, 0, 
1805寶徠, 320, 29, 0, 3, 4, 13, 9, 0, 0, 0, 0, 0, 0, 0, 35, 8, 0, 0, 3, 4, 1, 11, 1, 0, 0, 0, 0, 1, 53, 2, 0, 0, 0, 2, 0, 10, 1, 0, 0, 0, 0, 1, 60, 5, 0, 0, 0, 1, 4, 11, 0, 0, 0, 0, 0, 0, 10, 0, 0, 0, 0, 0, 0, 19, 0, 0, 0, 0, 0, 0, 10, 1, 0, 0, 0, 0, 1, 11, 0, 0, 0, 0, 0, 0, 22, 1, 0, 0, 1, 0, 0, 55, 10, 0, 3, 0, 6, 1, 7, 0, 0, 0, 0, 0, 0, 0, 0, 0, 0, 0, 0, 0, 6, 0, 0, 0, 0, 0, 0, 
9921巨大, 996, 115, 1, 8, 3, 61, 42, 0, 0, 0, 0, 0, 0, 0, 136, 27, 0, 0, 2, 22, 3, 38, 7, 0, 0, 0, 1, 6, 56, 3, 0, 0, 0, 3, 0, 82, 11, 0, 0, 0, 7, 4, 86, 11, 0, 0, 0, 2, 9, 72, 4, 0, 0, 0, 2, 2, 189, 17, 0, 0, 0, 5, 12, 44, 1, 0, 0, 1, 0, 0, 18, 3, 0, 0, 0, 0, 3, 20, 0, 0, 0, 0, 0, 0, 72, 5, 1, 1, 0, 2, 1, 149, 25, 0, 7, 0, 17, 1, 29, 1, 0, 0, 0, 0, 1, 0, 0, 0, 0, 0, 0, 0, 5, 0, 0, 0, 0, 0, 0, 
6176瑞儀, 1138, 47, 2, 3, 3, 20, 19, 0, 0, 0, 0, 0, 0, 0, 558, 13, 2, 0, 2, 5, 4, 53, 5, 0, 0, 0, 0, 5, 226, 11, 0, 0, 1, 10, 0, 12, 1, 0, 0, 0, 0, 1, 87, 6, 0, 0, 0, 0, 6, 15, 1, 0, 0, 0, 0, 1, 31, 0, 0, 0, 0, 0, 0, 36, 0, 0, 0, 0, 0, 0, 11, 1, 0, 0, 0, 0, 1, 20, 0, 0, 0, 0, 0, 0, 17, 0, 0, 0, 0, 0, 0, 55, 9, 0, 3, 0, 5, 1, 12, 0, 0, 0, 0, 0, 0, 0, 0, 0, 0, 0, 0, 0, 5, 0, 0, 0, 0, 0, 0, 
1463強盛, 271, 19, 0, 2, 1, 10, 6, 0, 0, 0, 0, 0, 0, 0, 48, 7, 0, 0, 0, 5, 2, 13, 1, 0, 0, 0, 0, 1, 70, 6, 0, 0, 1, 5, 0, 13, 1, 0, 0, 0, 0, 1, 12, 1, 0, 0, 0, 0, 1, 22, 1, 0, 1, 0, 0, 0, 13, 0, 0, 0, 0, 0, 0, 21, 0, 0, 0, 0, 0, 0, 12, 1, 0, 0, 0, 0, 1, 13, 0, 0, 0, 0, 0, 0, 15, 0, 0, 0, 0, 0, 0, 6, 1, 0, 1, 0, 0, 0, 7, 0, 0, 0, 0, 0, 0, 0, 0, 0, 0, 0, 0, 0, 6, 0, 0, 0, 0, 0, 0, 
2337旺宏, 1037, 76, 2, 7, 5, 35, 27, 112, 5, 0, 2, 1, 1, 1, 155, 32, 0, 1, 3, 19, 9, 12, 1, 0, 0, 0, 0, 1, 92, 6, 0, 0, 1, 4, 1, 103, 12, 0, 0, 0, 6, 6, 64, 5, 0, 0, 0, 2, 3, 212, 0, 0, 0, 0, 0, 0, 11, 0, 0, 0, 0, 0, 0, 20, 0, 0, 0, 0, 0, 0, 11, 1, 0, 0, 0, 0, 1, 12, 0, 0, 0, 0, 0, 0, 149, 7, 2, 2, 0, 1, 2, 77, 7, 0, 2, 0, 2, 3, 7, 0, 0, 0, 0, 0, 0, 0, 0, 0, 0, 0, 0, 0, 0, 0, 0, 0, 0, 0, 0, 
3167大量, 1361, 139, 10, 7, 4, 70, 48, 0, 0, 0, 0, 0, 0, 0, 363, 41, 0, 0, 3, 33, 5, 182, 15, 0, 0, 0, 4, 11, 159, 17, 0, 0, 1, 14, 2, 35, 3, 0, 0, 0, 0, 3, 113, 22, 0, 0, 0, 9, 13, 47, 6, 0, 0, 0, 1, 5, 26, 1, 0, 0, 0, 1, 0, 38, 0, 0, 0, 0, 0, 0, 43, 5, 0, 0, 0, 1, 4, 21, 0, 0, 0, 0, 0, 0, 208, 17, 10, 3, 0, 1, 3, 93, 12, 0, 4, 0, 6, 2, 7, 0, 0, 0, 0, 0, 0, 0, 0, 0, 0, 0, 0, 0, 26, 0, 0, 0, 0, 0, 0, 
1773勝一, 614, 62, 0, 2, 0, 36, 24, 0, 0, 0, 0, 0, 0, 0, 169, 30, 0, 0, 0, 23, 7, 54, 10, 0, 0, 0, 4, 6, 45, 2, 0, 0, 0, 2, 0, 36, 2, 0, 0, 0, 1, 1, 85, 6, 0, 0, 0, 2, 4, 36, 3, 0, 0, 0, 2, 1, 53, 3, 0, 1, 0, 1, 1, 19, 0, 0, 0, 0, 0, 0, 34, 5, 0, 0, 0, 1, 4, 10, 0, 0, 0, 0, 0, 0, 54, 0, 0, 0, 0, 0, 0, 7, 1, 0, 1, 0, 0, 0, 7, 0, 0, 0, 0, 0, 0, 0, 0, 0, 0, 0, 0, 0, 5, 0, 0, 0, 0, 0, 0, 
